Term/Year Code,Coll,Dept,Degree,Major code,Major Name,Conc code,Concentration Name (if any),Total,Men,Women,Unknown,Caucasian,Asian American,African American,Hispanic,Native American,Hawaiian/Pacific Isl,Multiracial,International,Unknown,All   African American,All    Native American,Illinois,Non-Illinois,Academic Program Code
120128 ,KL ,  ,  ,  ,"Agr, Cons, Env Sci ",  ,  ,  ,  ,  ,  ,  ,  ,  ,  ,  ,  ,  ,  ,  ,  ,  ,  ,  , 
120128 ,KL ,306 ,MS ,5186 ,Bioenergy ,5166 ,Professional Science Masters ,9,7,2,0,6,1,0,0,0,0,0,2,0,0,0,6,3,1PKS5186MS
120128 ,KL ,306 ,MS ,5188 ,Agricultural Production ,  ,  ,1,1,0,0,1,0,0,0,0,0,0,0,0,0,0,1,0,1PKS5188MS
120128 ,KL ,306 ,MS ,5188 ,Agricultural Production ,5166 ,Professional Science Masters ,8,4,4,0,4,1,0,0,0,0,0,2,1,0,0,5,3,1PKS5188MS
120128 ,KL ,342 ,BS ,5318 ,Agric Leadership & Sci Educ ,5319 ,Agricultural Science Education ,18,8,10,0,16,0,2,0,0,0,0,0,0,2,0,18,0,10KL5319BS
120128 ,KL ,342 ,BS ,5318 ,Agric Leadership & Sci Educ ,5320 ,Agricultural Leadership Educ ,25,14,11,0,16,1,5,1,0,0,0,2,0,5,0,20,5,10KL5320BS
120128 ,KL ,470 ,BS ,0176 ,Agr & Consumer Economics ,5003 ,Agri-Accounting ,93,50,43,0,56,17,4,1,0,0,0,14,1,4,0,77,16,10KL5003BS
120128 ,KL ,470 ,BS ,0176 ,Agr & Consumer Economics ,5004 ,Agri-Finance ,9,6,3,0,4,1,0,0,0,0,0,4,0,0,0,5,4,10KL5004BS
120128 ,KL ,470 ,BS ,0176 ,Agr & Consumer Economics ,5005 ,Farm Management ,21,19,2,0,21,0,0,0,0,0,0,0,0,0,0,21,0,10KL5005BS
120128 ,KL ,470 ,BS ,0176 ,Agr & Consumer Economics ,5006 ,Agribusiness Markets & Mgmt ,142,107,35,0,115,10,4,3,0,0,1,7,2,4,0,125,17,10KL5006BS
120128 ,KL ,470 ,BS ,0176 ,Agr & Consumer Economics ,5007 ,Consumer Economics & Finance ,107,79,28,0,70,13,4,2,0,0,0,17,1,4,1,86,21,10KL5007BS
120128 ,KL ,470 ,BS ,0176 ,Agr & Consumer Economics ,5008 ,Envirnmntal Economics & Policy ,28,20,8,0,18,3,1,1,0,0,1,4,0,1,1,23,5,10KL5008BS
120128 ,KL ,470 ,BS ,0176 ,Agr & Consumer Economics ,5010 ,"Policy, Intl Trade, & Dvlpmt ",42,21,21,0,21,6,2,5,0,0,0,8,0,2,0,31,11,10KL5010BS
120128 ,KL ,470 ,BS ,0176 ,Agr & Consumer Economics ,5011 ,Public Policy and Law ,43,20,23,0,27,5,5,2,0,0,0,4,0,5,0,36,7,10KL5011BS
120128 ,KL ,470 ,BS ,0176 ,Agr & Consumer Economics ,5136 ,Financial Planning ,77,44,33,0,46,4,4,4,0,0,2,17,0,5,0,59,18,10KL5136BS
120128 ,KL ,470 ,BS ,0176 ,Agr & Consumer Economics ,5316 ,Finance in Agri-Business ,69,52,17,0,53,4,3,2,0,0,3,3,1,3,0,65,4,10KL5316BS
120128 ,KL ,470 ,MS ,0176 ,Agr & Consumer Economics ,  ,  ,4,3,1,0,1,0,0,0,0,0,0,3,0,0,0,1,3,10KS0176MS
120128 ,KL ,470 ,MS ,5273 ,Agricultural & Applied Econ ,  ,  ,28,11,17,0,12,0,0,3,0,0,0,13,0,1,1,9,19,10KS5273MS
120128 ,KL ,470 ,PHD ,0176 ,Agr & Consumer Economics ,  ,  ,9,5,4,0,1,0,0,0,0,0,0,8,0,0,0,0,9,10KS0176PHD
120128 ,KL ,470 ,PHD ,5273 ,Agricultural & Applied Econ ,  ,  ,26,14,12,0,4,3,0,0,0,0,0,19,0,0,0,0,26,10KS5273PHD
120128 ,KL ,483 ,NDEG ,0067 ,Nondegree ,  ,  ,124,74,50,0,77,2,1,2,1,0,1,39,1,1,2,85,39,10KL0067NDEG
120128 ,KL ,538 ,BS ,0002 ,Animal Sciences ,0006 ,"Companion,Rec,Lab An Sci ",7,1,6,0,6,0,0,0,0,0,1,0,0,0,1,7,0,10KL0006BS
120128 ,KL ,538 ,BS ,0002 ,Animal Sciences ,0007 ,Food Animal Science ,3,2,1,0,2,0,0,1,0,0,0,0,0,0,0,3,0,10KL0007BS
120128 ,KL ,538 ,BS ,0002 ,Animal Sciences ,0008 ,"Science, Biotech & Pre-VetMed ",17,2,15,0,13,1,0,3,0,0,0,0,0,0,1,17,0,10KL0008BS
120128 ,KL ,538 ,BS ,0002 ,Animal Sciences ,5267 ,Technology and Management ,22,11,11,0,19,0,0,0,0,0,1,2,0,0,0,20,2,10KL0002BS
120128 ,KL ,538 ,BS ,0002 ,Animal Sciences ,5268 ,Companion Animal & Equine Sci ,88,13,75,0,65,2,6,7,0,1,4,3,0,6,1,83,5,10KL0002BS
120128 ,KL ,538 ,BS ,0002 ,Animal Sciences ,5269 ,"Science, Pre-Vet Med and Med ",361,61,300,0,273,23,16,35,0,0,10,2,2,19,6,343,18,10KL0002BS
120128 ,KL ,538 ,MS ,0002 ,Animal Sciences ,  ,  ,38,20,18,0,30,2,0,2,0,0,0,4,0,0,0,24,14,10KS0002MS
120128 ,KL ,538 ,MS ,4026 ,Bioinformatics ,5099 ,Animal Science ,1,1,0,0,0,1,0,0,0,0,0,0,0,0,0,0,1,10KS5099MS
120128 ,KL ,538 ,PHD ,0002 ,Animal Sciences ,  ,  ,51,33,18,0,21,0,0,1,0,0,0,29,0,0,0,13,38,10KS0002PHD
120128 ,KL ,698 ,BS ,0037 ,Food Science & Human Nutrition ,0038 ,Food Science ,129,42,87,0,60,24,6,8,0,1,2,28,0,6,2,96,33,10KL0038BS
120128 ,KL ,698 ,BS ,0037 ,Food Science & Human Nutrition ,0039 ,Food Industry and Business ,14,6,8,0,11,1,0,1,0,0,0,1,0,0,0,12,2,10KL0039BS
120128 ,KL ,698 ,BS ,0037 ,Food Science & Human Nutrition ,0040 ,Human Nutrition ,112,16,96,0,65,19,9,9,0,0,0,10,0,10,0,96,16,10KL0040BS
120128 ,KL ,698 ,BS ,0037 ,Food Science & Human Nutrition ,0041 ,Dietetics ,96,6,90,0,68,9,1,7,0,0,3,7,1,2,1,84,12,10KL0041BS
120128 ,KL ,698 ,BS ,0037 ,Food Science & Human Nutrition ,0042 ,Hospitality Management ,78,28,50,0,47,6,1,8,0,0,6,10,0,4,2,66,12,10KL0042BS
120128 ,KL ,698 ,MS ,0037 ,Food Science & Human Nutrition ,  ,  ,2,1,1,0,0,1,0,0,0,0,0,1,0,0,0,1,1,10KS0037MS
120128 ,KL ,698 ,MS ,0037 ,Food Science & Human Nutrition ,  ,  ,1,0,1,0,1,0,0,0,0,0,0,0,0,0,0,1,0,1PKS0037MS
120128 ,KL ,698 ,MS ,0037 ,Food Science & Human Nutrition ,0038 ,Food Science ,27,6,21,0,12,2,0,0,0,0,0,13,0,0,0,8,19,10KS0037MS
120128 ,KL ,698 ,MS ,0037 ,Food Science & Human Nutrition ,0040 ,Human Nutrition ,8,0,8,0,2,0,0,0,0,0,0,6,0,0,0,2,6,10KS0037MS
120128 ,KL ,698 ,MS ,0037 ,Food Science & Human Nutrition ,5166 ,Professional Science Masters ,13,3,10,0,2,3,0,0,0,0,0,8,0,0,0,3,10,1PKS0037MS
120128 ,KL ,698 ,PHD ,0037 ,Food Science & Human Nutrition ,  ,  ,12,5,7,0,6,0,1,0,0,0,0,5,0,1,0,4,8,10KS0037PHD
120128 ,KL ,698 ,PHD ,0037 ,Food Science & Human Nutrition ,0038 ,Food Science ,17,7,10,0,5,1,0,0,0,0,0,11,0,0,0,3,14,10KS0037PHD
120128 ,KL ,698 ,PHD ,0037 ,Food Science & Human Nutrition ,0040 ,Human Nutrition ,9,1,8,0,0,2,0,0,0,0,0,7,0,0,0,1,8,10KS0037PHD
120128 ,KL ,741 ,BS ,0025 ,Technical Systems Management ,  ,  ,201,183,18,0,127,21,10,22,1,1,5,13,1,11,2,183,18,10KL0025BS
120128 ,KL ,741 ,BSAG ,0029 ,Agr Engineering & Agr Science ,  ,  ,4,3,1,0,3,0,0,0,0,0,1,0,0,1,0,4,0,10KL0029BSAG
120128 ,KL ,741 ,BSAG ,5163 ,Agricultural & Biological Engr ,  ,  ,75,56,19,0,37,13,7,8,0,0,3,7,0,7,0,53,22,10KL5163BSAG
120128 ,KL ,741 ,MS ,0025 ,Technical Systems Management ,  ,  ,6,6,0,0,3,0,0,1,0,0,0,2,0,0,0,3,3,10KS0025MS
120128 ,KL ,741 ,MS ,0025 ,Technical Systems Management ,5166 ,Professional Science Masters ,7,6,1,0,2,1,2,0,0,0,0,2,0,2,0,5,2,1PKS0025MS
120128 ,KL ,793 ,BS ,0043 ,Agr & Environmental Cmc & Educ ,5033 ,"Agr, Cons, Env Sci Communictn ",19,4,15,0,15,1,1,0,0,0,1,1,0,2,1,18,1,10KL5033BS
120128 ,KL ,793 ,BS ,0048 ,Human Development & Family St ,0049 ,Child and Adolescent Dev ,158,14,144,0,102,9,28,11,1,0,3,3,1,29,2,148,10,10KL0049BS
120128 ,KL ,793 ,BS ,0048 ,Human Development & Family St ,0050 ,Family Studies ,66,6,60,0,44,3,7,11,0,0,1,0,0,8,0,65,1,10KL0050BS
120128 ,KL ,793 ,MS ,0181 ,Agricultural Education ,  ,  ,5,1,4,0,5,0,0,0,0,0,0,0,0,0,0,5,0,10KS0181MS
120128 ,KL ,793 ,MS ,0183 ,Human & Community Development ,  ,  ,1,0,1,0,0,1,0,0,0,0,0,0,0,0,0,1,0,10KS0183MS
120128 ,KL ,793 ,NONE ,0048 ,Human Development & Family St ,  ,  ,1,0,1,0,0,1,0,0,0,0,0,0,0,0,0,1,0,10KL0048NONE
120128 ,KL ,793 ,PHD ,0183 ,Human & Community Development ,  ,  ,14,2,12,0,9,1,2,1,0,0,1,0,0,2,0,4,10,10KS0183PHD
120128 ,KL ,793 ,PHD ,0183 ,Human & Community Development ,5126 ,Human Development & Family St ,10,3,7,0,6,2,0,2,0,0,0,0,0,0,0,3,7,10KS0183PHD
120128 ,KL ,802 ,BS ,0030 ,Crop Sciences ,0031 ,Agroecology ,1,0,1,0,0,0,0,1,0,0,0,0,0,0,0,1,0,10KL0031BS
120128 ,KL ,802 ,BS ,0030 ,Crop Sciences ,0033 ,Crops ,29,23,6,0,28,0,0,0,1,0,0,0,0,0,1,29,0,10KL0033BS
120128 ,KL ,802 ,BS ,0030 ,Crop Sciences ,0034 ,Crop Agribusiness ,43,38,5,0,43,0,0,0,0,0,0,0,0,0,0,42,1,10KL0034BS
120128 ,KL ,802 ,BS ,0030 ,Crop Sciences ,0035 ,Plant Biotech & Molecular Bio ,33,22,11,0,25,0,2,0,0,0,1,5,0,3,0,28,5,10KL0035BS
120128 ,KL ,802 ,BS ,0030 ,Crop Sciences ,0036 ,Biological Sciences ,6,4,2,0,3,2,1,0,0,0,0,0,0,1,0,4,2,10KL0036BS
120128 ,KL ,802 ,BS ,0030 ,Crop Sciences ,5123 ,Integrated Pest Management ,1,1,0,0,1,0,0,0,0,0,0,0,0,0,0,1,0,10KL5123BS
120128 ,KL ,802 ,BS ,0063 ,Horticulture ,0064 ,Horticulture Science ,2,1,1,0,1,0,0,1,0,0,0,0,0,0,0,2,0,10KL0063BS
120128 ,KL ,802 ,BS ,0063 ,Horticulture ,0064 ,Horticulture Science ,1,1,0,0,1,0,0,0,0,0,0,0,0,0,0,1,0,10KL0064BS
120128 ,KL ,802 ,BS ,0063 ,Horticulture ,0065 ,Production and Management ,2,1,1,0,2,0,0,0,0,0,0,0,0,0,0,2,0,10KL0063BS
120128 ,KL ,802 ,BS ,0063 ,Horticulture ,0065 ,Production and Management ,3,3,0,0,2,1,0,0,0,0,0,0,0,0,0,3,0,10KL0065BS
120128 ,KL ,802 ,BS ,0063 ,Horticulture ,5300 ,Sustainable Landscapes ,7,3,4,0,7,0,0,0,0,0,0,0,0,0,0,7,0,10KL0063BS
120128 ,KL ,802 ,BS ,0063 ,Horticulture ,5301 ,Specialty Crops ,19,12,7,0,14,2,0,2,0,0,0,0,1,0,0,18,1,10KL0063BS
120128 ,KL ,802 ,MS ,0030 ,Crop Sciences ,  ,  ,47,26,21,0,31,0,1,1,0,0,1,13,0,1,0,24,23,10KS0030MS
120128 ,KL ,802 ,MS ,0030 ,Crop Sciences ,  ,  ,4,3,1,0,3,0,0,1,0,0,0,0,0,0,0,1,3,10KS0030MSU
120128 ,KL ,802 ,MS ,4026 ,Bioinformatics ,5100 ,Crop Science ,6,2,4,0,2,2,0,0,0,0,0,2,0,0,0,1,5,10KS5100MS
120128 ,KL ,802 ,PHD ,0030 ,Crop Sciences ,  ,  ,64,47,17,0,33,2,0,2,0,0,0,27,0,0,0,24,40,10KS0030PHD
120128 ,KL ,875 ,BS ,0051 ,Natural Resrcs & Environ Sci ,  ,  ,1,1,0,0,0,0,0,0,0,0,0,1,0,0,0,0,1,10KL0051BS
120128 ,KL ,875 ,BS ,0051 ,Natural Resrcs & Environ Sci ,0057 ,Fish and Wildlife Conservation ,38,23,15,0,33,2,0,1,0,0,1,1,0,1,1,37,1,10KL0051BS
120128 ,KL ,875 ,BS ,0051 ,Natural Resrcs & Environ Sci ,0057 ,Fish and Wildlife Conservation ,21,16,5,0,16,1,0,2,0,0,0,2,0,0,0,17,4,10KL0057BS
120128 ,KL ,875 ,BS ,0051 ,Natural Resrcs & Environ Sci ,3871 ,Human Dimensions ,2,0,2,0,2,0,0,0,0,0,0,0,0,0,0,2,0,10KL3871BS
120128 ,KL ,875 ,BS ,0051 ,Natural Resrcs & Environ Sci ,3872 ,Resource Ecology ,2,1,1,0,1,0,0,0,0,0,0,1,0,0,0,1,1,10KL3872BS
120128 ,KL ,875 ,BS ,0051 ,Natural Resrcs & Environ Sci ,3873 ,Soil and Water Science ,2,1,1,0,1,1,0,0,0,0,0,0,0,0,0,2,0,10KL3873BS
120128 ,KL ,875 ,BS ,0051 ,Natural Resrcs & Environ Sci ,5239 ,Humn Dimnsns of the Environmnt ,73,30,43,0,50,5,3,7,0,0,1,7,0,4,0,64,9,10KL0051BS
120128 ,KL ,875 ,BS ,0051 ,Natural Resrcs & Environ Sci ,5240 ,Resrce Cons & Restoration Ecol ,77,43,34,0,54,2,0,2,0,0,5,14,0,0,2,60,17,10KL0051BS
120128 ,KL ,875 ,BS ,0051 ,Natural Resrcs & Environ Sci ,5241 ,Globl Chg & Landscape Dynamics ,25,11,14,0,14,3,1,1,0,0,0,6,0,1,0,18,7,10KL0051BS
120128 ,KL ,875 ,MS ,0190 ,Natural Res & Env Sciences ,  ,  ,51,34,17,0,43,1,1,0,1,0,1,4,0,1,2,17,34,10KS0190MS
120128 ,KL ,875 ,MS ,0190 ,Natural Res & Env Sciences ,  ,  ,3,0,3,0,3,0,0,0,0,0,0,0,0,0,0,3,0,10KS0190MSU
120128 ,KL ,875 ,PHD ,0190 ,Natural Res & Env Sciences ,  ,  ,26,19,7,0,12,0,0,1,0,0,0,12,1,0,0,6,20,10KS0190PHD
120128 ,KL ,971 ,MS ,0191 ,Nutritional Sciences ,  ,  ,16,6,10,0,8,3,1,2,0,0,0,2,0,1,0,8,8,10KS0191MS
120128 ,KL ,971 ,PHD ,0191 ,Nutritional Sciences ,  ,  ,22,5,17,0,13,2,0,2,0,0,0,5,0,0,0,8,14,10KS0191PHD
120128 ,KL ,  ,  ,  ,"Agr, Cons, Env Sci ",  ,***College total*** ,3183,1485,1698,0,2076,250,142,190,5,3,60,443,14,160,30,2484,699, 
 ,,,,,,,,,,,,,,,,,,,,,,,,,
 ,,,,,,,,,,,,,,,,,,,,,,,,,
120128 ,KM ,  ,  ,  ,Business ,  ,  ,  ,  ,  ,  ,  ,  ,  ,  ,  ,  ,  ,  ,  ,  ,  ,  ,  , 
120128 ,KM ,230 ,MBA ,9875 ,Business Administration (MBA) ,  ,  ,237,165,72,0,85,19,19,8,0,1,1,102,2,19,1,89,148,10KS9875MBA
120128 ,KM ,230 ,MBA ,9875 ,Business Administration (MBA) ,4064 ,MBA ,104,73,31,0,65,12,11,3,0,0,2,8,3,12,1,104,0,10KS4064MBA
120128 ,KM ,260 ,BS ,0075 ,Finance ,  ,  ,501,341,160,0,278,80,10,18,0,1,8,106,0,11,1,363,138,10KM0075BS
120128 ,KM ,260 ,MS ,0075 ,Finance ,  ,  ,130,67,63,0,7,4,0,0,0,0,0,118,1,0,0,4,126,10KS0075MSK
120128 ,KM ,260 ,PHD ,0075 ,Finance ,  ,  ,24,15,9,0,0,2,0,0,0,0,0,22,0,0,0,1,23,10KS0075PHD
120128 ,KM ,346 ,BS ,0071 ,Accountancy ,  ,  ,962,514,448,0,474,171,31,57,1,1,7,217,3,32,4,691,271,10KM0071BS
120128 ,KM ,346 ,MAS ,0071 ,Accountancy ,  ,  ,245,140,105,0,141,43,3,12,0,0,0,46,0,3,0,179,66,10KS0071MAS
120128 ,KM ,346 ,MAS ,0071 ,Accountancy ,5101 ,Taxation ,2,0,2,0,1,0,0,0,0,0,0,1,0,0,0,1,1,10KS0071MAS
120128 ,KM ,346 ,MS ,0071 ,Accountancy ,  ,  ,136,22,114,0,4,2,0,0,0,0,1,128,1,0,0,3,133,10KS0071MSK
120128 ,KM ,346 ,MS ,5187 ,Taxation ,  ,  ,31,8,23,0,14,6,1,4,0,0,3,2,1,2,0,27,4,10KS5187MSK2
120128 ,KM ,346 ,PHD ,0071 ,Accountancy ,  ,  ,21,13,8,0,15,0,0,1,0,0,1,3,1,0,1,6,15,10KS0071PHD
120128 ,KM ,902 ,BS ,0079 ,Business Administration ,0081 ,Organizational Administration ,1,1,0,0,1,0,0,0,0,0,0,0,0,0,0,1,0,10KM0081BS
120128 ,KM ,902 ,BS ,1432 ,Marketing ,  ,  ,105,33,72,0,68,12,5,9,0,0,2,8,1,6,0,88,17,10KM1432BS
120128 ,KM ,902 ,BS ,1432 ,Marketing ,  ,  ,93,39,54,0,66,8,6,8,0,0,2,3,0,6,0,83,10,10KM8037BS
120128 ,KM ,902 ,BS ,5070 ,Information Sys & Info Tech ,  ,  ,22,21,1,0,16,3,1,1,0,0,0,1,0,1,0,20,2,10KM5070BS
120128 ,KM ,902 ,BS ,5070 ,Information Sys & Info Tech ,  ,  ,12,7,5,0,10,1,0,1,0,0,0,0,0,0,0,11,1,10KM8037BS
120128 ,KM ,902 ,BS ,5071 ,Supply Chain Management ,  ,  ,15,8,7,0,11,3,0,1,0,0,0,0,0,0,0,13,2,10KM5071BS
120128 ,KM ,902 ,BS ,5071 ,Supply Chain Management ,  ,  ,43,25,18,0,33,5,1,1,0,0,1,2,0,2,0,40,3,10KM8037BS
120128 ,KM ,902 ,BS ,5072 ,Business Process Management ,  ,  ,23,16,7,0,16,1,1,2,0,0,0,3,0,1,0,17,6,10KM5072BS
120128 ,KM ,902 ,BS ,5072 ,Business Process Management ,  ,  ,9,3,6,0,5,3,1,0,0,0,0,0,0,1,0,7,2,10KM8037BS
120128 ,KM ,902 ,BS ,5073 ,Management ,0086 ,Entrepreneurship ,16,9,7,0,8,1,2,4,0,0,1,0,0,2,1,16,0,10KM5073BS
120128 ,KM ,902 ,BS ,5073 ,Management ,0086 ,Entrepreneurship ,5,1,4,0,1,0,2,0,0,0,0,2,0,2,0,3,2,10KM8037BS
120128 ,KM ,902 ,BS ,5073 ,Management ,5074 ,International Business ,29,12,17,0,18,6,1,2,0,0,0,2,0,1,0,27,2,10KM5073BS
120128 ,KM ,902 ,BS ,5073 ,Management ,5074 ,International Business ,14,4,10,0,8,1,1,2,0,0,1,1,0,1,0,13,1,10KM8037BS
120128 ,KM ,902 ,BS ,5073 ,Management ,5075 ,General Management ,35,20,15,0,27,3,2,1,0,0,1,1,0,2,0,33,2,10KM5073BS
120128 ,KM ,902 ,BS ,5073 ,Management ,5075 ,General Management ,12,4,8,0,8,0,2,2,0,0,0,0,0,2,0,11,1,10KM8037BS
120128 ,KM ,902 ,MS ,5148 ,Technology Management ,  ,  ,102,69,33,0,7,15,3,0,0,0,0,75,2,3,0,17,85,10KS5148MSK
120128 ,KM ,902 ,PHD ,0079 ,Business Administration ,  ,  ,46,24,22,0,7,3,2,0,0,0,0,34,0,2,0,1,45,10KS0079PHD
120128 ,KM ,938 ,MBA ,9875 ,Business Administration (MBA) ,3924 ,Executive Program ,60,44,16,0,35,12,9,2,0,0,1,0,1,10,2,57,3,10KS3924MBA2
120128 ,KM ,952 ,NDEG ,0067 ,Nondegree ,  ,  ,83,53,30,0,0,0,0,0,0,0,0,82,1,0,0,0,83,10KM0067NDEG
120128 ,KM ,952 ,NONE ,0070 ,Curric Unassigned ,  ,  ,924,534,390,0,533,148,35,77,0,2,20,102,7,44,6,716,208,10KM0070NONE
120128 ,KM ,  ,  ,  ,Business ,  ,***College total*** ,4042,2285,1757,0,1962,564,149,216,1,5,52,1069,24,165,17,2642,1400, 
 ,,,,,,,,,,,,,,,,,,,,,,,,,
 ,,,,,,,,,,,,,,,,,,,,,,,,,
120128 ,KN ,  ,  ,  ,Education ,  ,  ,  ,  ,  ,  ,  ,  ,  ,  ,  ,  ,  ,  ,  ,  ,  ,  ,  , 
120128 ,KN ,335 ,NDEG ,0067 ,Nondegree ,  ,  ,6,0,6,0,4,0,0,2,0,0,0,0,0,0,1,6,0,10KN0067NDEG
120128 ,KN ,335 ,NONE ,4089 ,Pre-Early Chld/Elem Ed/Spec Ed ,  ,  ,260,15,245,0,183,26,9,26,0,1,9,3,3,11,3,251,9,10KN4089NONE
120128 ,KN ,570 ,BS ,0093 ,Special Education ,  ,  ,80,7,73,0,70,4,1,3,0,0,2,0,0,1,1,80,0,10KN0093BS
120128 ,KN ,570 ,CAS ,0093 ,Special Education ,  ,  ,1,1,0,0,1,0,0,0,0,0,0,0,0,0,0,1,0,10KS0093CAS
120128 ,KN ,570 ,EDM ,0093 ,Special Education ,  ,  ,34,4,30,0,25,1,3,2,0,0,0,2,1,3,0,26,8,10KS0093EDM
120128 ,KN ,570 ,MS ,0093 ,Special Education ,  ,  ,3,1,2,0,2,1,0,0,0,0,0,0,0,0,0,2,1,10KS0093MS
120128 ,KN ,570 ,NDEG ,0093 ,Special Education ,  ,  ,5,2,3,0,5,0,0,0,0,0,0,0,0,0,0,4,1,10KS0093NDEG
120128 ,KN ,570 ,PHD ,0093 ,Special Education ,  ,  ,24,2,22,0,18,0,2,2,0,0,0,2,0,2,0,13,11,10KS0093PHD
120128 ,KN ,613 ,BS ,0094 ,Early Childhood Education ,3957 ,ECh: Anthropology ,1,0,1,0,1,0,0,0,0,0,0,0,0,0,0,1,0,10KN3957BS
120128 ,KN ,613 ,BS ,0094 ,Early Childhood Education ,3966 ,ECh: Geography ,2,0,2,0,2,0,0,0,0,0,0,0,0,0,0,2,0,10KN3966BS
120128 ,KN ,613 ,BS ,0094 ,Early Childhood Education ,3967 ,ECh: History ,2,0,2,0,1,0,1,0,0,0,0,0,0,1,0,2,0,10KN3967BS
120128 ,KN ,613 ,BS ,0094 ,Early Childhood Education ,3968 ,ECh: Language arts ,4,0,4,0,2,2,0,0,0,0,0,0,0,0,0,4,0,10KN3968BS
120128 ,KN ,613 ,BS ,0094 ,Early Childhood Education ,3969 ,ECh: Linguistics ,4,1,3,0,3,0,0,0,0,0,0,1,0,0,0,3,1,10KN3969BS
120128 ,KN ,613 ,BS ,0094 ,Early Childhood Education ,3970 ,ECh: Mathematics ,3,0,3,0,1,1,0,0,0,1,0,0,0,0,0,3,0,10KN3970BS
120128 ,KN ,613 ,BS ,0094 ,Early Childhood Education ,3975 ,ECh: Psychology ,4,0,4,0,4,0,0,0,0,0,0,0,0,0,0,4,0,10KN3975BS
120128 ,KN ,613 ,BS ,0094 ,Early Childhood Education ,3976 ,ECh: Sociology ,3,0,3,0,1,0,2,0,0,0,0,0,0,2,0,3,0,10KN3976BS
120128 ,KN ,613 ,BS ,0094 ,Early Childhood Education ,4014 ,ECh: Spanish ,6,0,6,0,4,0,1,1,0,0,0,0,0,1,0,6,0,10KN4014BS
120128 ,KN ,613 ,BS ,0095 ,Elementary Education ,3936 ,EIEd: Anthropology ,1,0,1,0,1,0,0,0,0,0,0,0,0,0,0,1,0,10KN3936BS
120128 ,KN ,613 ,BS ,0095 ,Elementary Education ,3939 ,EIEd: Biology ,1,0,1,0,0,0,0,1,0,0,0,0,0,0,0,1,0,10KN3939BS
120128 ,KN ,613 ,BS ,0095 ,Elementary Education ,3942 ,EIEd: Earth Science ,1,0,1,0,1,0,0,0,0,0,0,0,0,0,0,1,0,10KN3942BS
120128 ,KN ,613 ,BS ,0095 ,Elementary Education ,3946 ,EIEd: History ,12,3,9,0,9,0,1,2,0,0,0,0,0,1,0,10,2,10KN3946BS
120128 ,KN ,613 ,BS ,0095 ,Elementary Education ,3947 ,EIEd: Language Arts ,65,3,62,0,49,6,3,2,1,0,3,0,1,4,3,65,0,10KN3947BS
120128 ,KN ,613 ,BS ,0095 ,Elementary Education ,3949 ,EIEd: Mathematics ,88,9,79,0,70,10,0,4,0,0,4,0,0,1,0,85,3,10KN3949BS
120128 ,KN ,613 ,BS ,0095 ,Elementary Education ,3950 ,EIEd: Music ,2,0,2,0,2,0,0,0,0,0,0,0,0,0,0,2,0,10KN3950BS
120128 ,KN ,613 ,BS ,0095 ,Elementary Education ,3953 ,EIEd: Political Science ,1,0,1,0,1,0,0,0,0,0,0,0,0,0,0,1,0,10KN3953BS
120128 ,KN ,613 ,BS ,0095 ,Elementary Education ,3954 ,ElEd: Psychology ,9,0,9,0,7,0,0,1,0,0,0,1,0,0,0,8,1,10KN3954BS
120128 ,KN ,613 ,BS ,0095 ,Elementary Education ,3955 ,ElEd: Sociology ,3,0,3,0,3,0,0,0,0,0,0,0,0,0,0,3,0,10KN3955BS
120128 ,KN ,613 ,BS ,0095 ,Elementary Education ,3956 ,EIEd: Theatre ,2,0,2,0,2,0,0,0,0,0,0,0,0,0,0,2,0,10KN3956BS
120128 ,KN ,613 ,BS ,0095 ,Elementary Education ,3996 ,EIEd: French ,1,0,1,0,1,0,0,0,0,0,0,0,0,0,0,1,0,10KN3996BS
120128 ,KN ,613 ,BS ,0095 ,Elementary Education ,3997 ,EIEd: German ,1,0,1,0,1,0,0,0,0,0,0,0,0,0,0,1,0,10KN3997BS
120128 ,KN ,613 ,BS ,0095 ,Elementary Education ,4004 ,EIEd: Spanish ,34,3,31,0,30,1,1,2,0,0,0,0,0,1,0,33,1,10KN4004BS
120128 ,KN ,613 ,BS ,0095 ,Elementary Education ,5193 ,General Sciences ,15,1,14,0,14,0,0,1,0,0,0,0,0,0,0,15,0,10KN5193BS
120128 ,KN ,613 ,BS ,0095 ,Elementary Education ,5194 ,ESL/Bilingual Education ,8,0,8,0,6,1,0,0,0,0,0,1,0,0,0,7,1,10KN5194BS
120128 ,KN ,613 ,CAS ,1144 ,Curriculum and Instruction ,  ,  ,1,0,1,0,0,0,0,0,0,0,1,0,0,1,0,1,0,10KS1144CAS
120128 ,KN ,613 ,EDD ,1144 ,Curriculum and Instruction ,  ,  ,5,2,3,0,2,1,1,0,1,0,0,0,0,1,1,4,1,10KS1144EDD
120128 ,KN ,613 ,EDM ,0095 ,Elementary Education ,  ,  ,15,2,13,0,6,4,2,3,0,0,0,0,0,4,0,14,1,10KS0095EDM
120128 ,KN ,613 ,EDM ,0095 ,Elementary Education ,  ,  ,1,0,1,0,1,0,0,0,0,0,0,0,0,0,0,1,0,10KS0211EDM
120128 ,KN ,613 ,EDM ,0095 ,Elementary Education ,0211 ,Elementary Ed - Cert ,1,0,1,0,0,0,1,0,0,0,0,0,0,1,0,1,0,10KS0211EDM
120128 ,KN ,613 ,EDM ,1144 ,Curriculum and Instruction ,  ,  ,40,5,35,0,27,4,4,2,0,0,0,3,0,4,0,36,4,10KS1144EDM
120128 ,KN ,613 ,EDM ,5082 ,Early Childhood Education ,  ,  ,1,0,1,0,1,0,0,0,0,0,0,0,0,0,0,1,0,10KS5082EDM
120128 ,KN ,613 ,EDM ,8527 ,Secondary Education ,  ,  ,1,1,0,0,1,0,0,0,0,0,0,0,0,0,0,1,0,10KS8527EDM
120128 ,KN ,613 ,EDM ,8527 ,Secondary Education ,5224 ,English ,4,1,3,0,2,1,0,0,0,0,0,0,1,0,0,4,0,10KS8527EDM
120128 ,KN ,613 ,EDM ,8527 ,Secondary Education ,5225 ,Social Studies ,6,4,2,0,4,1,0,1,0,0,0,0,0,0,0,6,0,10KS8527EDM
120128 ,KN ,613 ,EDM ,8527 ,Secondary Education ,5226 ,Sciences ,4,2,2,0,4,0,0,0,0,0,0,0,0,0,0,4,0,10KS8527EDM
120128 ,KN ,613 ,EDM ,8527 ,Secondary Education ,5227 ,Mathematics ,1,1,0,0,1,0,0,0,0,0,0,0,0,0,0,1,0,10KS8527EDM
120128 ,KN ,613 ,MA ,1144 ,Curriculum and Instruction ,  ,  ,7,1,6,0,4,0,0,1,0,0,0,2,0,0,0,4,3,10KS1144MA
120128 ,KN ,613 ,MS ,1144 ,Curriculum and Instruction ,  ,  ,4,1,3,0,2,0,0,1,0,0,0,1,0,0,1,2,2,10KS1144MS
120128 ,KN ,613 ,PHD ,0095 ,Elementary Education ,  ,  ,9,1,8,0,1,1,1,0,0,0,0,6,0,1,0,1,8,10KS0095PHD
120128 ,KN ,613 ,PHD ,0215 ,Secondary & Continuing Educ ,  ,  ,17,4,13,0,5,1,2,1,0,0,0,8,0,2,0,5,12,10KS0215PHD
120128 ,KN ,613 ,PHD ,1144 ,Curriculum and Instruction ,  ,  ,56,15,41,0,27,5,2,6,0,0,1,15,0,3,0,25,31,10KS1144PHD
120128 ,KN ,616 ,PHD ,0210 ,Educational Psychology ,  ,  ,71,18,53,0,26,3,6,7,0,0,1,28,0,8,2,21,50,10KS0210PHD
120128 ,KN ,760 ,CAS ,0209 ,Ed Organization and Leadership ,  ,  ,1,0,1,0,1,0,0,0,0,0,0,0,0,0,0,1,0,10KS0209CAS
120128 ,KN ,760 ,CAS ,0209 ,Ed Organization and Leadership ,5097 ,Educational Admin & Leadership ,2,0,2,0,1,0,1,0,0,0,0,0,0,1,0,2,0,10KS0209CAS
120128 ,KN ,760 ,EDD ,0209 ,Ed Organization and Leadership ,  ,  ,23,12,11,0,20,0,3,0,0,0,0,0,0,3,0,23,0,10KS0209EDD
120128 ,KN ,760 ,EDD ,0209 ,Ed Organization and Leadership ,  ,  ,18,7,11,0,14,1,2,0,0,0,0,0,1,2,0,18,0,10KS0209EDDX
120128 ,KN ,760 ,EDD ,0209 ,Ed Organization and Leadership ,5096 ,Higher Education ,10,5,5,0,6,1,2,0,0,0,0,0,1,2,0,8,2,10KS0209EDD
120128 ,KN ,760 ,EDD ,0209 ,Ed Organization and Leadership ,5097 ,Educational Admin & Leadership ,9,6,3,0,8,0,1,0,0,0,0,0,0,1,0,9,0,10KS0209EDD
120128 ,KN ,760 ,EDD ,4096 ,Human Resource Education ,  ,  ,1,1,0,0,0,0,0,0,0,0,0,1,0,0,0,0,1,10KS4096EDD
120128 ,KN ,760 ,EDD ,4096 ,Human Resource Education ,5137 ,Human Resource Development ,4,3,1,0,1,0,2,0,0,0,0,1,0,2,0,3,1,10KS4096EDD
120128 ,KN ,760 ,EDM ,0209 ,Ed Organization and Leadership ,  ,  ,12,4,8,0,6,0,4,1,0,0,1,0,0,4,1,9,3,10KS0209EDM
120128 ,KN ,760 ,EDM ,0209 ,Ed Organization and Leadership ,  ,  ,15,5,10,0,13,0,1,0,0,0,0,0,1,1,0,15,0,10KS0209EDMX
120128 ,KN ,760 ,EDM ,0209 ,Ed Organization and Leadership ,5096 ,Higher Education ,29,3,26,0,21,2,3,1,0,0,1,1,0,3,0,24,5,10KS0209EDM
120128 ,KN ,760 ,EDM ,0209 ,Ed Organization and Leadership ,5097 ,Educational Admin & Leadership ,32,11,21,0,25,0,5,2,0,0,0,0,0,5,0,32,0,10KS0209EDM
120128 ,KN ,760 ,EDM ,0220 ,Educational Policy Studies ,  ,  ,8,6,2,0,4,0,3,0,0,0,0,1,0,3,0,5,3,10KS0220EDM
120128 ,KN ,760 ,EDM ,4096 ,Human Resource Education ,  ,  ,2,0,2,0,1,0,0,0,0,0,0,1,0,0,0,1,1,10KS4096EDM
120128 ,KN ,760 ,EDM ,4096 ,Human Resource Education ,5137 ,Human Resource Development ,10,0,10,0,5,0,2,0,0,0,0,3,0,2,0,7,3,10KS4096EDM
120128 ,KN ,760 ,EDM ,4096 ,Human Resource Education ,5137 ,Human Resource Development ,1,0,1,0,1,0,0,0,0,0,0,0,0,0,0,1,0,10KS4096EDMU
120128 ,KN ,760 ,MA ,0220 ,Educational Policy Studies ,  ,  ,11,6,5,0,2,0,7,0,0,0,1,1,0,8,1,10,1,10KS0220MA
120128 ,KN ,760 ,MS ,0209 ,Ed Organization and Leadership ,  ,  ,1,0,1,0,1,0,0,0,0,0,0,0,0,0,0,0,1,10KS0209MS
120128 ,KN ,760 ,MS ,4096 ,Human Resource Education ,5137 ,Human Resource Development ,3,0,3,0,0,0,0,0,0,0,0,3,0,0,0,0,3,10KS4096MS
120128 ,KN ,760 ,PHD ,0208 ,Education ,  ,  ,1,0,1,0,0,0,1,0,0,0,0,0,0,1,0,1,0,10KS8544PHD
120128 ,KN ,760 ,PHD ,0209 ,Ed Organization and Leadership ,  ,  ,13,7,6,0,6,2,2,1,0,0,0,2,0,3,0,9,4,10KS0209PHD
120128 ,KN ,760 ,PHD ,0209 ,Ed Organization and Leadership ,5096 ,Higher Education ,4,1,3,0,3,0,0,1,0,0,0,0,0,0,0,4,0,10KS0209PHD
120128 ,KN ,760 ,PHD ,0209 ,Ed Organization and Leadership ,5097 ,Educational Admin & Leadership ,1,0,1,0,0,1,0,0,0,0,0,0,0,0,0,1,0,10KS0209PHD
120128 ,KN ,760 ,PHD ,0220 ,Educational Policy Studies ,  ,  ,140,52,88,0,26,6,65,25,1,0,3,13,1,74,4,76,64,10KS0220PHD
120128 ,KN ,760 ,PHD ,0220 ,Educational Policy Studies ,5034 ,African American Studies ,2,2,0,0,0,0,2,0,0,0,0,0,0,2,0,1,1,10KS0220PHD
120128 ,KN ,760 ,PHD ,0222 ,Educ Voc Tech ,  ,  ,1,0,1,0,0,0,1,0,0,0,0,0,0,1,0,1,0,10KS0222PHD
120128 ,KN ,760 ,PHD ,4096 ,Human Resource Education ,  ,  ,13,5,8,0,5,1,0,0,0,0,1,6,0,1,0,6,7,10KS4096PHD
120128 ,KN ,760 ,PHD ,4096 ,Human Resource Education ,5137 ,Human Resource Development ,22,11,11,0,5,0,1,1,0,0,0,15,0,1,0,7,15,10KS4096PHD
120128 ,KN ,  ,  ,  ,Education ,  ,***College total*** ,1319,257,1062,0,813,88,151,103,3,2,28,121,10,173,18,1053,266, 
 ,,,,,,,,,,,,,,,,,,,,,,,,,
 ,,,,,,,,,,,,,,,,,,,,,,,,,
120128 ,KP ,  ,  ,  ,Engineering ,  ,  ,  ,  ,  ,  ,  ,  ,  ,  ,  ,  ,  ,  ,  ,  ,  ,  ,  , 
120128 ,KP ,227 ,BS ,0102 ,Agricultural Engineering ,3907 ,Food & Bioprocess Engineering ,1,1,0,0,1,0,0,0,0,0,0,0,0,0,0,1,0,10KP3907BS
120128 ,KP ,227 ,BS ,5163 ,Agricultural & Biological Engr ,  ,  ,84,65,19,0,56,8,2,2,1,0,1,14,0,2,1,62,22,10KP5163BS
120128 ,KP ,227 ,BS ,5163 ,Agricultural & Biological Engr ,3907 ,Food & Bioprocess Engineering ,3,1,2,0,3,0,0,0,0,0,0,0,0,0,0,3,0,10KP5163BS
120128 ,KP ,227 ,BS ,5163 ,Agricultural & Biological Engr ,5270 ,Agricultural Engineering ,14,12,2,0,11,2,0,1,0,0,0,0,0,0,0,12,2,10KP5163BS
120128 ,KP ,227 ,BS ,5163 ,Agricultural & Biological Engr ,5271 ,Biological Engineering ,13,7,6,0,6,3,0,0,0,0,0,4,0,0,0,7,6,10KP5163BS
120128 ,KP ,227 ,MS ,5163 ,Agricultural & Biological Engr ,  ,  ,42,29,13,0,13,0,1,1,0,0,3,23,1,1,0,13,29,10KS5163MS
120128 ,KP ,227 ,NDEG ,0067 ,Nondegree ,  ,  ,228,184,43,1,53,8,1,5,0,0,4,153,4,1,1,69,159,10KP0067NDEG
120128 ,KP ,227 ,PHD ,0102 ,Agricultural Engineering ,  ,  ,1,1,0,0,0,0,0,0,0,0,0,1,0,0,0,0,1,10KS0102PHD
120128 ,KP ,227 ,PHD ,5163 ,Agricultural & Biological Engr ,  ,  ,27,18,9,0,5,0,0,2,0,0,0,20,0,0,0,4,23,10KS5163PHD
120128 ,KP ,244 ,BS ,0121 ,Engineering Physics ,  ,  ,177,158,19,0,116,18,2,9,1,0,8,23,0,3,1,135,42,10KP0121BS
120128 ,KP ,244 ,MS ,0240 ,Physics ,  ,  ,2,1,1,0,1,0,0,0,0,0,0,1,0,0,0,1,1,10KS0240MS
120128 ,KP ,244 ,MS ,0241 ,Teaching of Physics ,  ,  ,1,0,1,0,1,0,0,0,0,0,0,0,0,0,0,1,0,10KS0241MS
120128 ,KP ,244 ,PHD ,0240 ,Physics ,  ,  ,252,212,40,0,99,15,0,5,0,0,2,127,4,0,1,13,239,10KS0240PHD
120128 ,KP ,251 ,BS ,0106 ,Civil Engineering ,  ,  ,791,597,194,0,474,91,18,46,0,0,16,144,2,20,2,560,231,10KP0106BS
120128 ,KP ,251 ,MS ,0106 ,Civil Engineering ,  ,  ,299,225,74,0,110,18,3,11,1,0,5,151,0,3,2,86,213,10KS0106MS
120128 ,KP ,251 ,MS ,0231 ,Environ Engr in Civil Engr ,  ,  ,43,20,23,0,15,2,1,3,0,0,2,20,0,2,0,12,31,10KS0231MS
120128 ,KP ,251 ,MS ,0232 ,Environ Science in Civil Engr ,  ,  ,5,3,2,0,2,0,0,0,0,0,0,3,0,0,0,1,4,10KS0232MS
120128 ,KP ,251 ,PHD ,0106 ,Civil Engineering ,  ,  ,151,119,32,0,39,4,0,4,0,0,1,103,0,1,0,17,134,10KS0106PHD
120128 ,KP ,251 ,PHD ,0231 ,Environ Engr in Civil Engr ,  ,  ,48,24,24,0,17,1,0,2,0,0,1,27,0,0,0,6,42,10KS0231PHD
120128 ,KP ,251 ,PHD ,0232 ,Environ Science in Civil Engr ,  ,  ,2,0,2,0,0,0,0,0,0,0,0,1,1,0,0,0,2,10KS0232PHD
120128 ,KP ,343 ,BS ,0408 ,Bioengineering ,  ,  ,187,106,81,0,110,52,1,10,0,0,6,8,0,1,1,160,27,10KP0408BS
120128 ,KP ,343 ,MS ,0408 ,Bioengineering ,  ,  ,10,6,4,0,3,4,0,0,0,0,0,3,0,0,0,5,5,10KS0408MS
120128 ,KP ,343 ,PHD ,0408 ,Bioengineering ,  ,  ,62,33,29,0,23,12,1,4,1,0,1,20,0,1,2,17,45,10KS0408PHD
120128 ,KP ,422 ,BS ,0124 ,General Engineering ,  ,  ,368,270,98,0,233,56,4,19,0,2,10,43,1,6,3,276,92,10KP0124BS
120128 ,KP ,422 ,BS ,0127 ,Industrial Engineering ,  ,  ,223,175,48,0,81,40,7,6,0,0,3,84,2,7,0,123,100,10KP0127BS
120128 ,KP ,422 ,MS ,0127 ,Industrial Engineering ,  ,  ,10,7,3,0,1,1,0,0,0,0,0,7,1,0,0,1,9,10KS0127MS
120128 ,KP ,422 ,MS ,3846 ,Systems & Entrepreneurial Engr ,  ,  ,8,4,4,0,5,1,0,0,0,0,0,2,0,0,0,6,2,10KS3846MS
120128 ,KP ,422 ,PHD ,0127 ,Industrial Engineering ,  ,  ,35,24,11,0,2,1,1,0,0,0,0,31,0,1,0,0,35,10KS0127PHD
120128 ,KP ,422 ,PHD ,3846 ,Systems & Entrepreneurial Engr ,  ,  ,12,10,2,0,6,0,0,0,0,0,0,6,0,0,0,6,6,10KS3846PHD
120128 ,KP ,434 ,BS ,0112 ,Computer Science ,  ,  ,945,866,79,0,380,244,13,27,0,1,22,256,2,18,3,453,492,10KP0112BS
120128 ,KP ,434 ,BS ,0112 ,Computer Science ,1854 ,CS:BS/MS Program ,2,2,0,0,2,0,0,0,0,0,0,0,0,0,0,1,1,10KP1854BS
120128 ,KP ,434 ,MCS ,0112 ,Computer Science ,  ,  ,63,44,19,0,3,1,0,0,0,0,1,58,0,0,1,2,61,10KS0112MCS
120128 ,KP ,434 ,MS ,0112 ,Computer Science ,  ,  ,62,52,10,0,14,7,0,1,0,0,0,40,0,0,0,9,53,10KS0112MS
120128 ,KP ,434 ,MS ,0112 ,Computer Science ,  ,  ,1,1,0,0,0,1,0,0,0,0,0,0,0,0,0,0,1,10KS1854MS
120128 ,KP ,434 ,MS ,0112 ,Computer Science ,1854 ,CS:BS/MS Program ,9,8,1,0,4,1,0,0,0,0,0,4,0,0,0,4,5,10KS1854MS
120128 ,KP ,434 ,MS ,4026 ,Bioinformatics ,4028 ,Computer Science ,2,2,0,0,1,0,0,0,0,0,0,1,0,0,0,1,1,10KS4028MS
120128 ,KP ,434 ,PHD ,0112 ,Computer Science ,  ,  ,304,252,52,0,55,22,3,2,0,0,2,218,2,3,1,29,275,10KS0112PHD
120128 ,KP ,545 ,MS ,5244 ,Financial Engineering ,  ,  ,100,67,33,0,11,7,0,0,0,0,0,81,1,0,0,9,91,10KS5244MS
120128 ,KP ,545 ,NONE ,5198 ,Engineering Undesignated ,  ,  ,1,0,1,0,0,0,0,0,0,0,0,1,0,0,0,0,1,10KP5198NONE
120128 ,KP ,615 ,BS ,4048 ,Aerospace Engineering ,  ,  ,356,305,51,0,219,53,5,33,0,1,11,32,2,6,8,272,84,10KP4048BS
120128 ,KP ,615 ,MS ,4048 ,Aerospace Engineering ,  ,  ,66,52,14,0,25,6,1,1,0,0,1,32,0,1,0,15,51,10KS4048MS
120128 ,KP ,615 ,NDEG ,4048 ,Aerospace Engineering ,  ,  ,1,0,1,0,0,0,0,0,0,0,0,1,0,0,0,0,1,10KS4048NDEG
120128 ,KP ,615 ,PHD ,4048 ,Aerospace Engineering ,  ,  ,66,62,4,0,26,3,0,2,0,0,1,34,0,1,1,15,51,10KS4048PHD
120128 ,KP ,917 ,BS ,0118 ,Engineering Mechanics ,  ,  ,122,110,12,0,66,14,1,8,0,2,2,29,0,1,0,84,38,10KP0118BS
120128 ,KP ,917 ,BS ,0133 ,Mechanical Engineering ,  ,  ,814,705,108,1,505,106,12,35,1,3,24,123,5,14,5,570,244,10KP0133BS
120128 ,KP ,917 ,MS ,0133 ,Mechanical Engineering ,  ,  ,136,108,28,0,30,14,0,3,0,0,2,87,0,0,0,22,114,10KS0133MS
120128 ,KP ,917 ,MS ,0133 ,Mechanical Engineering ,4018 ,BS/MS Mechanical Engineering ,2,2,0,0,2,0,0,0,0,0,0,0,0,0,0,2,0,10KS4018MS
120128 ,KP ,917 ,MS ,0242 ,Theoretical & Applied Mechans ,  ,  ,16,11,5,0,6,1,0,1,0,0,0,8,0,0,0,3,13,10KS0242MS
120128 ,KP ,917 ,PHD ,0133 ,Mechanical Engineering ,  ,  ,158,141,17,0,33,4,1,0,0,0,0,119,1,1,0,15,143,10KS0133PHD
120128 ,KP ,917 ,PHD ,0242 ,Theoretical & Applied Mechans ,  ,  ,35,28,7,0,11,1,0,1,0,0,0,22,0,0,0,5,30,10KS0242PHD
120128 ,KP ,919 ,BS ,0130 ,Materials Science & Engr ,  ,  ,299,233,66,0,141,66,3,8,0,0,13,68,0,4,0,184,115,10KP0130BS
120128 ,KP ,919 ,BS ,0130 ,Materials Science & Engr ,3908 ,Ceramics ,4,4,0,0,3,0,0,0,0,0,0,0,1,0,0,3,1,10KP3908BS
120128 ,KP ,919 ,BS ,0130 ,Materials Science & Engr ,3909 ,Electronic Materials ,18,12,6,0,2,9,0,0,0,0,3,4,0,0,0,10,8,10KP3909BS
120128 ,KP ,919 ,BS ,0130 ,Materials Science & Engr ,3910 ,Metals ,17,14,3,0,11,2,0,2,0,0,1,1,0,0,0,13,4,10KP3910BS
120128 ,KP ,919 ,BS ,0130 ,Materials Science & Engr ,3911 ,Biomaterials ,14,8,6,0,8,3,0,0,0,0,1,2,0,0,0,11,3,10KP3911BS
120128 ,KP ,919 ,BS ,0130 ,Materials Science & Engr ,3912 ,Polymer ,31,19,12,0,16,2,1,2,0,0,0,10,0,1,0,19,12,10KP3912BS
120128 ,KP ,919 ,BS ,0130 ,Materials Science & Engr ,5012 ,BS/MS Materials Science & Eng ,1,1,0,0,0,0,0,0,0,0,0,1,0,0,0,0,1,10KP5012BS
120128 ,KP ,919 ,MS ,0130 ,Materials Science & Engr ,  ,  ,20,17,3,0,4,2,0,1,0,0,1,12,0,0,1,3,17,10KS0130MS
120128 ,KP ,919 ,MS ,0130 ,Materials Science & Engr ,5012 ,BS/MS Materials Science & Eng ,1,1,0,0,0,0,0,0,0,0,0,1,0,0,0,0,1,10KS5012MS
120128 ,KP ,919 ,PHD ,0130 ,Materials Science & Engr ,  ,  ,166,124,42,0,50,12,1,2,1,0,3,96,1,2,1,14,152,10KS0130PHD
120128 ,KP ,933 ,BS ,0109 ,Computer Engineering ,  ,  ,697,635,62,0,280,177,13,34,0,1,17,171,4,16,2,382,315,10KP0109BS
120128 ,KP ,933 ,BS ,0115 ,Electrical Engineering ,  ,  ,1163,1021,142,0,352,294,28,41,1,1,15,425,6,29,5,521,642,10KP0115BS
120128 ,KP ,933 ,MS ,1200 ,Electrical & Computer Engr ,  ,  ,217,189,28,0,72,26,3,8,0,0,4,103,1,4,3,46,171,10KS1200MS
120128 ,KP ,933 ,PHD ,1200 ,Electrical & Computer Engr ,  ,  ,256,221,35,0,52,21,5,4,0,0,2,172,0,5,0,41,215,10KS1200PHD
120128 ,KP ,973 ,BS ,0139 ,Nuclear Engineering ,3913 ,"Power, Safety, and the Environ ",10,8,2,0,7,1,0,0,0,0,0,2,0,0,0,8,2,10KP3913BS
120128 ,KP ,973 ,BS ,0139 ,Nuclear Engineering ,3914 ,Plasma and Fusion Sci and Engr ,3,3,0,0,3,0,0,0,0,0,0,0,0,0,0,3,0,10KP3914BS
120128 ,KP ,973 ,BS ,0139 ,Nuclear Engineering ,3915 ,"Radiol, Medical, & Instr Apps ",1,0,1,0,0,1,0,0,0,0,0,0,0,0,0,1,0,10KP3915BS
120128 ,KP ,973 ,BS ,5183 ,"Nuclear, Plasma, Radiolgc Engr ",  ,  ,95,80,15,0,56,15,4,11,0,1,3,5,0,6,2,78,17,10KP5183BS
120128 ,KP ,973 ,BS ,5183 ,"Nuclear, Plasma, Radiolgc Engr ",3913 ,"Power, Safety, and the Environ ",55,52,3,0,38,7,1,3,0,0,0,5,1,1,0,43,12,10KP5183BS
120128 ,KP ,973 ,BS ,5183 ,"Nuclear, Plasma, Radiolgc Engr ",3914 ,Plasma and Fusion Sci and Engr ,19,17,2,0,15,2,0,1,0,0,0,1,0,0,0,14,5,10KP5183BS
120128 ,KP ,973 ,BS ,5183 ,"Nuclear, Plasma, Radiolgc Engr ",3915 ,"Radiol, Medical, & Instr Apps ",7,5,2,0,5,1,0,1,0,0,0,0,0,0,0,7,0,10KP5183BS
120128 ,KP ,973 ,MS ,5183 ,"Nuclear, Plasma, Radiolgc Engr ",  ,  ,18,18,0,0,12,2,0,0,0,0,0,4,0,0,0,13,5,10KS5183MS
120128 ,KP ,973 ,PHD ,0139 ,Nuclear Engineering ,  ,  ,12,10,2,0,7,0,0,0,0,0,0,5,0,0,0,3,9,10KS0139PHD
120128 ,KP ,973 ,PHD ,5183 ,"Nuclear, Plasma, Radiolgc Engr ",  ,  ,37,31,6,0,4,3,0,0,0,0,0,30,0,0,0,3,34,10KS5183PHD
120128 ,KP ,  ,  ,  ,Engineering ,  ,***College total*** ,9521,7853,1666,2,4017,1468,137,362,7,12,192,3283,43,162,47,4528,4993, 
 ,,,,,,,,,,,,,,,,,,,,,,,,,
 ,,,,,,,,,,,,,,,,,,,,,,,,,
120128 ,KR ,  ,  ,  ,Fine & Applied Arts ,  ,  ,  ,  ,  ,  ,  ,  ,  ,  ,  ,  ,  ,  ,  ,  ,  ,  ,  , 
120128 ,KR ,447 ,NDEG ,0067 ,Nondegree ,  ,  ,22,6,16,0,4,0,1,0,0,0,0,17,0,1,0,5,17,10KR0067NDEG
120128 ,KR ,495 ,AD ,0265 ,Music ,  ,  ,7,2,5,0,3,0,0,1,0,0,0,3,0,0,0,0,7,10KS0265AD
120128 ,KR ,495 ,AMUSD ,0265 ,Music ,  ,  ,16,7,9,0,5,1,0,0,0,0,0,10,0,0,0,1,15,10KS0265AMUS
120128 ,KR ,495 ,AMUSD ,0265 ,Music ,3930 ,Choral Music ,8,5,3,0,3,1,0,0,0,0,0,3,1,0,0,1,7,10KS0265AMUS
120128 ,KR ,495 ,AMUSD ,0265 ,Music ,5110 ,Performance and Literature ,139,50,88,1,40,3,1,7,0,0,0,87,1,1,0,19,120,10KS0265AMUS
120128 ,KR ,495 ,AMUSD ,0265 ,Music ,5111 ,Music Composition ,15,10,5,0,4,0,0,0,0,0,1,10,0,0,0,1,14,10KS0265AMUS
120128 ,KR ,495 ,AMUSD ,0265 ,Music ,5117 ,Vocal Coaching & Accompanying ,7,3,4,0,3,1,0,0,0,0,0,3,0,0,0,2,5,10KS0265AMUS
120128 ,KR ,495 ,AMUSD ,0265 ,Music ,5118 ,Jazz Performance ,22,21,1,0,13,1,2,2,0,0,0,4,0,2,0,6,16,10KS0265AMUS
120128 ,KR ,495 ,AMUSD ,0265 ,Music ,5315 ,Instrmntl Conducting Orchestra ,1,1,0,0,1,0,0,0,0,0,0,0,0,0,0,0,1,10KS0265AMUS
120128 ,KR ,495 ,BA ,0265 ,Music ,  ,  ,27,13,14,0,19,4,1,1,0,0,1,1,0,1,0,22,5,10KR0265BA
120128 ,KR ,495 ,BME ,0168 ,Music Education ,3930 ,Choral Music ,35,10,25,0,28,3,1,2,0,0,1,0,0,2,1,33,2,10KR3930BME
120128 ,KR ,495 ,BME ,0168 ,Music Education ,3931 ,Instrumental Music ,112,54,58,0,95,6,3,5,0,0,3,0,0,3,0,103,9,10KR3931BME
120128 ,KR ,495 ,BME ,0168 ,Music Education ,3932 ,Elementary General Music ,6,3,3,0,2,3,0,1,0,0,0,0,0,0,0,6,0,10KR3932BME
120128 ,KR ,495 ,BMUS ,0157 ,Voice ,  ,  ,34,6,28,0,27,1,3,1,0,0,0,1,1,4,0,29,5,10KR0157BMUS
120128 ,KR ,495 ,BMUS ,0158 ,Instrumental Music ,  ,  ,75,35,40,0,49,12,1,4,1,0,1,7,0,2,1,55,20,10KR0158BMUS
120128 ,KR ,495 ,BMUS ,0159 ,Music Composition ,  ,  ,5,5,0,0,5,0,0,0,0,0,0,0,0,0,0,4,1,10KR0159BMUS
120128 ,KR ,495 ,BMUS ,0160 ,Music History ,  ,  ,3,1,2,0,2,0,0,0,0,0,1,0,0,0,0,2,1,10KR0160BMUS
120128 ,KR ,495 ,BMUS ,0161 ,Open Studies ,  ,  ,4,1,3,0,1,1,0,2,0,0,0,0,0,1,0,4,0,10KR0161BMUS
120128 ,KR ,495 ,BMUS ,5045 ,Jazz Performance ,  ,  ,22,20,2,0,19,1,2,0,0,0,0,0,0,2,0,19,3,10KR5045BMUS
120128 ,KR ,495 ,EDD ,0168 ,Music Education ,  ,  ,3,2,1,0,2,0,1,0,0,0,0,0,0,1,0,0,3,10KS0168EDD
120128 ,KR ,495 ,MME ,0168 ,Music Education ,  ,  ,7,5,2,0,6,1,0,0,0,0,0,0,0,0,0,6,1,10KS0168MME
120128 ,KR ,495 ,MMUS ,0265 ,Music ,  ,  ,3,2,1,0,3,0,0,0,0,0,0,0,0,0,0,1,2,10KS0265MMUS
120128 ,KR ,495 ,MMUS ,0265 ,Music ,5110 ,Performance and Literature ,42,17,25,0,28,2,1,0,1,0,2,8,0,1,2,13,29,10KS0265MMUS
120128 ,KR ,495 ,MMUS ,0265 ,Music ,5111 ,Music Composition ,6,4,2,0,4,0,0,0,0,0,0,1,1,0,0,0,6,10KS0265MMUS
120128 ,KR ,495 ,MMUS ,0265 ,Music ,5113 ,Musicology ,6,4,2,0,6,0,0,0,0,0,0,0,0,0,0,1,5,10KS0265MMUS
120128 ,KR ,495 ,MMUS ,0265 ,Music ,5114 ,Piano Pedagogy ,7,1,6,0,3,2,0,0,0,0,1,1,0,0,0,2,5,10KS0265MMUS
120128 ,KR ,495 ,MMUS ,0265 ,Music ,5115 ,Instrumental Conducting (Band) ,3,3,0,0,2,0,0,0,0,0,0,1,0,0,0,1,2,10KS0265MMUS
120128 ,KR ,495 ,MMUS ,0265 ,Music ,5116 ,Instrumental Conducting (Orch) ,2,2,0,0,1,0,0,0,0,0,1,0,0,0,0,1,1,10KS0265MMUS
120128 ,KR ,495 ,MMUS ,0265 ,Music ,5117 ,Vocal Coaching & Accompanying ,2,1,1,0,1,0,0,0,0,0,0,1,0,0,0,0,2,10KS0265MMUS
120128 ,KR ,495 ,MMUS ,0265 ,Music ,5118 ,Jazz Performance ,16,12,4,0,13,0,1,0,0,0,1,1,0,1,0,11,5,10KS0265MMUS
120128 ,KR ,495 ,PHD ,0168 ,Music Education ,  ,  ,3,3,0,0,2,1,0,0,0,0,0,0,0,0,0,3,0,10KS0168PHD
120128 ,KR ,495 ,PHD ,1481 ,Musicology ,  ,  ,19,10,9,0,16,0,0,0,0,0,0,3,0,0,0,3,16,10KS1481PHD
120128 ,KR ,526 ,BFA ,0148 ,Graphic Design ,  ,  ,76,27,49,0,51,14,2,6,0,0,0,2,1,2,0,72,4,10KR0148BFA
120128 ,KR ,526 ,BFA ,0149 ,Crafts ,3933 ,Ceramics ,3,1,2,0,2,0,0,0,0,0,0,1,0,0,0,2,1,10KR3933BFA
120128 ,KR ,526 ,BFA ,0149 ,Crafts ,3935 ,Metals ,11,2,9,0,5,4,0,1,0,0,0,1,0,0,0,9,2,10KR3935BFA
120128 ,KR ,526 ,BFA ,0150 ,History of Art ,  ,  ,8,2,6,0,7,0,1,0,0,0,0,0,0,1,0,8,0,10KR0150BFA
120128 ,KR ,526 ,BFA ,0151 ,Photography ,  ,  ,32,12,20,0,19,3,3,5,0,0,1,0,1,3,1,30,2,10KR0151BFA
120128 ,KR ,526 ,BFA ,0152 ,Industrial Design ,  ,  ,110,55,55,0,37,30,6,5,0,1,2,28,1,7,0,74,36,10KR0152BFA
120128 ,KR ,526 ,BFA ,0153 ,Painting ,  ,  ,38,12,26,0,22,4,5,3,0,0,1,3,0,5,0,34,4,10KR0153BFA
120128 ,KR ,526 ,BFA ,0154 ,Sculpture ,  ,  ,8,2,6,0,7,0,0,1,0,0,0,0,0,0,0,8,0,10KR0154BFA
120128 ,KR ,526 ,BFA ,0169 ,Art Education ,  ,  ,44,9,35,0,35,2,1,5,0,0,0,0,1,1,0,44,0,10KR0169BFA
120128 ,KR ,526 ,BFA ,5128 ,New Media ,  ,  ,18,8,10,0,8,4,3,1,0,0,1,1,0,3,0,17,1,10KR5128BFA
120128 ,KR ,526 ,EDM ,0169 ,Art Education ,  ,  ,5,1,4,0,3,0,0,0,0,0,0,2,0,0,0,3,2,10KS0169EDM
120128 ,KR ,526 ,MA ,0169 ,Art Education ,  ,  ,8,1,7,0,4,2,1,0,0,0,0,1,0,1,0,6,2,10KS0169MA
120128 ,KR ,526 ,MA ,0250 ,Art History ,  ,  ,7,0,7,0,5,0,0,1,0,0,0,1,0,0,1,2,5,10KS0250MA
120128 ,KR ,526 ,MFA ,0252 ,Art and Design ,  ,  ,5,3,2,0,5,0,0,0,0,0,0,0,0,0,0,2,3,10KS0252MFA
120128 ,KR ,526 ,MFA ,0252 ,Art and Design ,0254 ,Graphic Design ,5,2,3,0,2,0,0,0,0,0,1,2,0,0,0,2,3,10KS0254MFA
120128 ,KR ,526 ,MFA ,0252 ,Art and Design ,0255 ,Industrial Design ,7,3,4,0,3,0,0,0,0,0,0,4,0,0,0,3,4,10KS0255MFA
120128 ,KR ,526 ,MFA ,0252 ,Art and Design ,0256 ,Metals ,5,0,5,0,3,0,0,0,0,0,0,1,1,0,0,3,2,10KS0256MFA
120128 ,KR ,526 ,MFA ,0252 ,Art and Design ,0257 ,Painting ,9,4,5,0,9,0,0,0,0,0,0,0,0,0,0,2,7,10KS0257MFA
120128 ,KR ,526 ,MFA ,0252 ,Art and Design ,0258 ,Photography ,3,1,2,0,3,0,0,0,0,0,0,0,0,0,0,2,1,10KS0258MFA
120128 ,KR ,526 ,MFA ,0252 ,Art and Design ,0260 ,Sculpture ,4,0,4,0,2,0,0,1,0,0,0,1,0,0,0,1,3,10KS0260MFA
120128 ,KR ,526 ,NDEG ,0252 ,Art and Design ,  ,  ,1,0,1,0,1,0,0,0,0,0,0,0,0,0,0,1,0,10KS0252NDEG
120128 ,KR ,526 ,NONE ,4090 ,Art Foundation ,  ,  ,123,32,91,0,59,19,11,12,0,0,1,20,1,13,0,90,33,10KR4090NONE
120128 ,KR ,526 ,PHD ,0169 ,Art Education ,  ,  ,14,6,8,0,8,0,0,0,0,0,0,6,0,0,0,7,7,10KS0169PHD
120128 ,KR ,526 ,PHD ,0250 ,Art History ,  ,  ,17,3,14,0,9,0,0,1,0,0,0,6,1,0,0,1,16,10KS0250PHD
120128 ,KR ,569 ,BFA ,0156 ,Landscape Architecture ,  ,  ,6,4,2,0,4,0,0,0,0,0,0,2,0,0,0,4,2,10KR0156BFA
120128 ,KR ,569 ,BLA ,0156 ,Landscape Architecture ,  ,  ,51,26,25,0,28,5,0,3,0,0,0,14,1,0,0,35,16,10KR0156BLA
120128 ,KR ,569 ,BLA ,0156 ,Landscape Architecture ,5095 ,Five-Year Program ,1,0,1,0,0,1,0,0,0,0,0,0,0,0,0,1,0,10KR5095BLA
120128 ,KR ,569 ,MLA ,0156 ,Landscape Architecture ,  ,  ,42,12,30,0,16,0,0,0,0,0,0,26,0,0,0,15,27,10KS0156MLA
120128 ,KR ,569 ,PHD ,0156 ,Landscape Architecture ,  ,  ,13,8,5,0,6,0,1,0,0,0,0,5,1,1,0,4,9,10KS0156PHD
120128 ,KR ,733 ,BA ,0155 ,Urban Planning ,  ,  ,105,57,48,0,48,4,8,13,0,0,2,30,0,10,1,64,41,10KR0155BA
120128 ,KR ,733 ,MUP ,0155 ,Urban Planning ,  ,  ,38,20,18,0,20,3,1,4,0,0,4,6,0,2,0,19,19,10KS0155MUP
120128 ,KR ,733 ,PHD ,0274 ,Regional Planning ,  ,  ,21,13,8,0,6,1,0,0,0,0,2,12,0,2,0,7,14,10KS0274PHD
120128 ,KR ,767 ,BS ,0146 ,Architectural Studies ,  ,  ,478,272,206,0,273,42,12,46,2,2,9,90,2,13,4,356,122,10KR0146BS
120128 ,KR ,767 ,MARCH ,0249 ,Architecture ,0247 ,Architecture - 2 Yr ,146,89,57,0,88,6,1,14,0,0,6,29,2,1,3,88,58,10KS0247MARC
120128 ,KR ,767 ,MARCH ,0249 ,Architecture ,0248 ,Architecture Track 3 ,37,21,16,0,20,3,4,2,0,0,0,8,0,5,0,20,17,10KS0248MARC
120128 ,KR ,767 ,MS ,4091 ,Architectural Studies ,  ,  ,4,2,2,0,2,0,1,0,0,0,0,1,0,1,0,2,2,10KS4091MS
120128 ,KR ,767 ,PHD ,0249 ,Architecture ,  ,  ,13,6,7,0,2,0,0,1,0,0,0,10,0,0,0,0,13,10KS0249PHD
120128 ,KR ,801 ,BFA ,0261 ,Dance ,  ,  ,44,4,40,0,29,0,12,3,0,0,0,0,0,12,0,38,6,10KR0261BFA
120128 ,KR ,801 ,MFA ,0261 ,Dance ,  ,  ,10,3,7,0,7,0,1,0,0,0,1,1,0,2,1,1,9,10KS0261MFA
120128 ,KR ,883 ,BFA ,0162 ,Theatre ,  ,  ,1,0,1,0,1,0,0,0,0,0,0,0,0,0,0,0,1,10KR3980BFA
120128 ,KR ,883 ,BFA ,0162 ,Theatre ,3980 ,Stage Management ,7,2,5,0,6,0,0,0,0,0,1,0,0,0,0,6,1,10KR3980BFA
120128 ,KR ,883 ,BFA ,0162 ,Theatre ,3985 ,Theatre Studies ,16,8,8,0,9,1,1,4,0,0,0,1,0,2,0,15,1,10KR3985BFA
120128 ,KR ,883 ,BFA ,0162 ,Theatre ,4081 ,Acting ,19,9,10,0,15,0,3,0,0,0,0,0,1,3,0,18,1,10KR4081BFA
120128 ,KR ,883 ,BFA ,0162 ,Theatre ,4082 ,Costume Design and Technology ,3,0,3,0,2,0,0,1,0,0,0,0,0,1,0,3,0,10KR4082BFA
120128 ,KR ,883 ,BFA ,0162 ,Theatre ,4083 ,Scenic Technology ,3,3,0,0,2,0,0,1,0,0,0,0,0,0,0,2,1,10KR4083BFA
120128 ,KR ,883 ,BFA ,0162 ,Theatre ,4084 ,Lighting Design ,8,6,2,0,7,0,0,1,0,0,0,0,0,0,0,8,0,10KR4084BFA
120128 ,KR ,883 ,BFA ,0162 ,Theatre ,4085 ,Sound Design and Technology ,3,2,1,0,2,0,1,0,0,0,0,0,0,1,0,3,0,10KR4085BFA
120128 ,KR ,883 ,BFA ,0162 ,Theatre ,4086 ,Scenic Design ,3,1,2,0,1,1,0,0,0,0,1,0,0,0,0,3,0,10KR4086BFA
120128 ,KR ,883 ,MA ,0162 ,Theatre ,  ,  ,5,1,4,0,4,0,0,0,0,0,0,1,0,0,0,1,4,10KS0162MA
120128 ,KR ,883 ,MFA ,0162 ,Theatre ,0271 ,Design and Technology ,38,20,18,0,31,1,0,1,0,0,0,5,0,0,0,10,28,10KS0271MFA
120128 ,KR ,883 ,MFA ,0162 ,Theatre ,0272 ,Acting ,9,6,3,0,6,0,0,2,0,0,1,0,0,2,2,2,7,10KS0272MFA
120128 ,KR ,883 ,NONE ,0162 ,Theatre ,4080 ,Theatre Foundations ,63,24,39,0,47,0,5,9,0,1,1,0,0,6,0,58,5,10KR4080NONE
120128 ,KR ,883 ,PHD ,0162 ,Theatre ,  ,  ,17,8,9,0,10,1,0,0,1,0,1,4,0,0,2,4,13,10KS0162PHD
120128 ,KR ,  ,  ,  ,Fine & Applied Arts ,  ,***College total*** ,2444,1132,1311,1,1411,195,102,173,5,4,49,487,18,122,19,1564,880, 
 ,,,,,,,,,,,,,,,,,,,,,,,,,
 ,,,,,,,,,,,,,,,,,,,,,,,,,
120128 ,KS ,  ,  ,  ,Graduate College ,  ,  ,  ,  ,  ,  ,  ,  ,  ,  ,  ,  ,  ,  ,  ,  ,  ,  ,  , 
120128 ,KS ,486 ,NDEG ,0067 ,Nondegree ,  ,  ,39,22,17,0,27,6,2,3,0,0,0,0,1,3,2,31,8,10KS0067NDEG
120128 ,KS ,  ,  ,  ,Graduate College ,  ,***College total*** ,39,22,17,0,27,6,2,3,0,0,0,0,1,3,2,31,8, 
 ,,,,,,,,,,,,,,,,,,,,,,,,,
 ,,,,,,,,,,,,,,,,,,,,,,,,,
120128 ,KT ,  ,  ,  ,Media ,  ,  ,  ,  ,  ,  ,  ,  ,  ,  ,  ,  ,  ,  ,  ,  ,  ,  ,  , 
120128 ,KT ,238 ,BS ,0382 ,Media Studies ,  ,  ,2,0,2,0,1,1,0,0,0,0,0,0,0,0,0,1,1,10KT0382BS
120128 ,KT ,238 ,PHD ,0279 ,Communications ,  ,  ,29,12,17,0,4,4,2,4,0,0,1,13,1,3,2,9,20,10KS0279PHD
120128 ,KT ,238 ,PHD ,5202 ,Communications and Media ,  ,  ,21,8,13,0,6,0,2,2,0,0,1,10,0,3,1,4,17,10KS5202PHD
120128 ,KT ,408 ,BS ,0277 ,Advertising ,  ,  ,603,169,434,0,413,60,27,39,1,2,13,45,3,30,5,521,82,10KT0277BS
120128 ,KT ,408 ,MS ,0277 ,Advertising ,  ,  ,38,11,27,0,5,3,1,0,0,0,0,29,0,1,0,5,33,10KS0277MS
120128 ,KT ,436 ,BS ,5201 ,Media and Cinema Studies ,  ,  ,9,5,4,0,4,1,1,0,0,0,0,3,0,1,0,5,4,10KT5201BS
120128 ,KT ,436 ,BS ,5201 ,Media and Cinema Studies ,3869 ,Cinema Studies ,56,34,22,0,40,4,5,4,0,0,2,1,0,6,0,52,4,10KT5201BS
120128 ,KT ,436 ,BS ,5201 ,Media and Cinema Studies ,5205 ,Media Studies ,49,18,30,1,33,3,4,3,0,0,0,5,1,4,0,42,7,10KT5201BS
120128 ,KT ,642 ,BSJ ,0380 ,News-Editorial ,  ,  ,168,49,119,0,118,9,12,15,0,1,6,7,0,14,2,151,17,10KT0380BSJ
120128 ,KT ,642 ,BSJ ,0381 ,Broadcast Journalism ,  ,  ,149,57,92,0,87,8,26,16,0,0,5,6,1,29,2,126,23,10KT0381BSJ
120128 ,KT ,642 ,MS ,0278 ,Journalism ,  ,  ,11,9,2,0,5,0,1,0,0,0,1,4,0,1,0,6,5,10KS0278MS
120128 ,KT ,646 ,BS ,5284 ,Agricultural Communications ,  ,  ,2,0,2,0,1,0,0,1,0,0,0,0,0,0,0,2,0,10KT5284BS
120128 ,KT ,646 ,BS ,5284 ,Agricultural Communications ,5287 ,Advertising ,12,3,9,0,9,1,2,0,0,0,0,0,0,2,0,12,0,10KT5284BS
120128 ,KT ,646 ,BS ,5284 ,Agricultural Communications ,5288 ,Broadcast Journalism ,2,0,2,0,2,0,0,0,0,0,0,0,0,0,0,2,0,10KT5284BS
120128 ,KT ,646 ,BS ,5284 ,Agricultural Communications ,5289 ,News-Editorial Journalism ,3,1,2,0,2,0,1,0,0,0,0,0,0,1,0,3,0,10KT5284BS
120128 ,KT ,934 ,NDEG ,0067 ,Nondegree ,  ,  ,7,5,2,0,2,1,0,1,0,0,0,3,0,0,0,4,3,10KT0067NDEG
120128 ,KT ,934 ,NONE ,0390 ,General Curriculum ,  ,  ,1,0,1,0,1,0,0,0,0,0,0,0,0,0,0,1,0,10KT0390NONE
120128 ,KT ,  ,  ,  ,Media ,  ,***College total*** ,1162,381,780,1,733,95,84,85,1,3,29,126,6,95,12,946,216, 
 ,,,,,,,,,,,,,,,,,,,,,,,,,
 ,,,,,,,,,,,,,,,,,,,,,,,,,
120128 ,KU ,  ,  ,  ,Law ,  ,  ,  ,  ,  ,  ,  ,  ,  ,  ,  ,  ,  ,  ,  ,  ,  ,  ,  , 
120128 ,KU ,853 ,JD ,0385 ,Law ,  ,  ,616,349,267,0,374,52,55,67,1,0,16,32,19,62,7,338,278,10KU0385JD
120128 ,KU ,853 ,JSD ,0281 ,Law ,  ,  ,11,6,5,0,0,0,0,1,0,0,0,10,0,0,0,0,11,10KS0281JSD
120128 ,KU ,853 ,LLM ,0281 ,Law ,  ,  ,119,39,80,0,0,0,0,0,0,0,0,118,1,0,0,0,119,10KS0281LLM
120128 ,KU ,853 ,NDEG ,0281 ,Law ,  ,  ,6,4,2,0,0,0,0,0,0,0,0,6,0,0,0,0,6,10KS0281NDEG
120128 ,KU ,  ,  ,  ,Law ,  ,***College total*** ,752,398,354,0,374,52,55,68,1,0,16,166,20,62,7,338,414, 
 ,,,,,,,,,,,,,,,,,,,,,,,,,
 ,,,,,,,,,,,,,,,,,,,,,,,,,
120128 ,KV ,  ,  ,  ,Liberal Arts & Sci ,  ,  ,  ,  ,  ,  ,  ,  ,  ,  ,  ,  ,  ,  ,  ,  ,  ,  ,  , 
120128 ,KV ,241 ,BALAS ,0340 ,Anthropology ,  ,  ,148,40,108,0,89,13,12,21,0,0,8,3,2,14,1,134,14,10KV0340BALA
120128 ,KV ,241 ,BALAS ,0340 ,Anthropology ,  ,  ,10,5,5,0,8,1,0,1,0,0,0,0,0,0,0,9,1,10KV8037BALA
120128 ,KV ,241 ,BALAS ,0340 ,Anthropology ,5043 ,Socioculturl & Linguistic Anth ,8,4,4,0,3,0,0,3,0,1,0,0,1,0,0,7,1,10KV5043BALA
120128 ,KV ,241 ,MA ,0340 ,Anthropology ,  ,  ,3,1,2,0,1,1,0,1,0,0,0,0,0,0,1,2,1,10KS0340MA
120128 ,KV ,241 ,NDEG ,0340 ,Anthropology ,  ,  ,1,0,1,0,0,0,0,0,0,0,0,1,0,0,0,0,1,10KS0340NDEG
120128 ,KV ,241 ,PHD ,0340 ,Anthropology ,  ,  ,56,19,37,0,32,1,1,3,1,1,1,15,1,2,1,14,42,10KS0340PHD
120128 ,KV ,253 ,BSLAS ,0334 ,Atmospheric Sciences ,  ,  ,72,50,22,0,60,3,1,5,0,0,3,0,0,2,1,71,1,10KV0334BSLA
120128 ,KV ,253 ,MS ,0334 ,Atmospheric Sciences ,  ,  ,16,6,10,0,13,0,0,1,0,0,1,1,0,0,0,8,8,10KS0334MS
120128 ,KV ,253 ,PHD ,0334 ,Atmospheric Sciences ,  ,  ,29,14,15,0,16,1,0,0,0,0,0,12,0,0,0,4,25,10KS0334PHD
120128 ,KV ,257 ,BALAS ,0461 ,Actuarial Science ,  ,  ,2,1,1,0,2,0,0,0,0,0,0,0,0,0,0,2,0,10KV0461BALA
120128 ,KV ,257 ,BSLAS ,0439 ,Mathematics ,  ,  ,33,22,11,0,7,4,0,3,0,0,0,19,0,0,0,11,22,10KV0439BSLA
120128 ,KV ,257 ,BSLAS ,0439 ,Mathematics ,  ,  ,12,4,8,0,2,1,1,0,1,0,0,7,0,1,1,4,8,10KV8037BSLA
120128 ,KV ,257 ,BSLAS ,0439 ,Mathematics ,3894 ,Operations Research ,3,3,0,0,2,0,0,0,0,0,0,1,0,0,0,2,1,10KV3894BSLA
120128 ,KV ,257 ,BSLAS ,0439 ,Mathematics ,3894 ,Operations Research ,1,0,1,0,0,0,0,0,0,0,0,1,0,0,0,0,1,10KV8037BSLA
120128 ,KV ,257 ,BSLAS ,0439 ,Mathematics ,3895 ,Applied Mathematics ,10,7,3,0,2,2,0,0,0,0,0,6,0,0,0,3,7,10KV3895BSLA
120128 ,KV ,257 ,BSLAS ,0439 ,Mathematics ,3895 ,Applied Mathematics ,4,2,2,0,2,1,0,0,0,0,0,1,0,0,0,3,1,10KV8037BSLA
120128 ,KV ,257 ,BSLAS ,0439 ,Mathematics ,3896 ,Graduate Preparation ,3,3,0,0,2,1,0,0,0,0,0,0,0,0,0,3,0,10KV3896BSLA
120128 ,KV ,257 ,BSLAS ,0439 ,Mathematics ,3896 ,Graduate Preparation ,1,0,1,0,0,0,0,0,0,0,0,1,0,0,0,0,1,10KV8037BSLA
120128 ,KV ,257 ,BSLAS ,0439 ,Mathematics ,3897 ,Mathematics Teaching Option ,52,12,40,0,44,4,0,4,0,0,0,0,0,0,0,52,0,10KV3897BSLA
120128 ,KV ,257 ,BSLAS ,0439 ,Mathematics ,3897 ,Mathematics Teaching Option ,1,1,0,0,1,0,0,0,0,0,0,0,0,0,0,1,0,10KV8037BSLA
120128 ,KV ,257 ,BSLAS ,0461 ,Actuarial Science ,  ,  ,277,165,112,0,121,43,3,11,1,1,2,91,4,4,1,175,102,10KV0461BSLA
120128 ,KV ,257 ,BSLAS ,0461 ,Actuarial Science ,  ,  ,9,3,6,0,0,2,0,0,0,0,0,7,0,0,0,2,7,10KV8037BSLA
120128 ,KV ,257 ,BSLAS ,1438 ,Math & Computer Science ,  ,  ,84,70,14,0,36,14,1,2,0,0,1,30,0,1,1,50,34,10KV1438BSLA
120128 ,KV ,257 ,BSLAS ,1438 ,Math & Computer Science ,  ,  ,2,1,1,0,0,0,0,0,0,0,0,2,0,0,0,0,2,10KV8037BSLA
120128 ,KV ,257 ,MS ,0290 ,Teaching of Mathematics ,  ,  ,3,3,0,0,2,0,0,0,0,0,1,0,0,1,1,2,1,10KS0290MS
120128 ,KV ,257 ,MS ,0327 ,Applied Mathematics ,  ,  ,11,8,3,0,2,1,0,0,0,0,1,7,0,1,0,2,9,10KS0327MS
120128 ,KV ,257 ,MS ,0327 ,Applied Mathematics ,0328 ,Actuarial Science ,20,7,13,0,1,0,0,0,0,0,0,19,0,0,0,1,19,10KS0328MS
120128 ,KV ,257 ,MS ,0439 ,Mathematics ,  ,  ,12,6,6,0,2,0,0,0,0,0,0,10,0,0,0,3,9,10KS0439MS
120128 ,KV ,257 ,NDEG ,0439 ,Mathematics ,  ,  ,1,1,0,0,0,1,0,0,0,0,0,0,0,0,0,1,0,10KS0439NDEG
120128 ,KV ,257 ,NONE ,0439 ,Mathematics ,  ,  ,322,225,97,0,119,29,5,18,1,0,6,141,3,6,1,165,157,10KV0439NONE
120128 ,KV ,257 ,NONE ,0439 ,Mathematics ,3895 ,Applied Mathematics ,1,0,1,0,1,0,0,0,0,0,0,0,0,0,0,1,0,10KV0439NONE
120128 ,KV ,257 ,PHD ,0439 ,Mathematics ,  ,  ,157,103,54,0,59,4,0,4,0,0,2,88,0,0,1,13,144,10KS0439PHD
120128 ,KV ,265 ,BSLAS ,5086 ,"Earth Systems, Env, & Society ",  ,  ,5,2,3,0,5,0,0,0,0,0,0,0,0,0,0,5,0,10KV5086BSLA
120128 ,KV ,265 ,BSLAS ,5086 ,"Earth Systems, Env, & Society ",5103 ,Society and the Environment ,14,8,6,0,11,0,1,1,0,0,1,0,0,1,1,14,0,10KV5086BSLA
120128 ,KV ,265 ,BSLAS ,5086 ,"Earth Systems, Env, & Society ",5103 ,Society and the Environment ,1,0,1,0,1,0,0,0,0,0,0,0,0,0,0,1,0,10KV8037BSLA
120128 ,KV ,265 ,BSLAS ,5086 ,"Earth Systems, Env, & Society ",5104 ,Science of the Earth System ,15,9,6,0,11,1,0,1,0,0,1,1,0,0,0,14,1,10KV5086BSLA
120128 ,KV ,265 ,BSLAS ,5086 ,"Earth Systems, Env, & Society ",5104 ,Science of the Earth System ,1,1,0,0,1,0,0,0,0,0,0,0,0,0,0,1,0,10KV8037BSLA
120128 ,KV ,265 ,BSLAS ,5281 ,"Earth, Society, & Environment ",  ,  ,12,7,5,0,7,1,0,2,0,0,0,2,0,0,0,10,2,10KV5281BSLA
120128 ,KV ,265 ,BSLAS ,5281 ,"Earth, Society, & Environment ",5103 ,Society and the Environment ,18,9,9,0,15,0,0,0,0,0,2,1,0,1,0,17,1,10KV5281BSLA
120128 ,KV ,265 ,BSLAS ,5281 ,"Earth, Society, & Environment ",5103 ,Society and the Environment ,2,1,1,0,2,0,0,0,0,0,0,0,0,0,0,2,0,10KV8037BSLA
120128 ,KV ,265 ,BSLAS ,5281 ,"Earth, Society, & Environment ",5104 ,Science of the Earth System ,17,10,7,0,10,2,1,2,0,0,0,2,0,1,0,14,3,10KV5281BSLA
120128 ,KV ,265 ,BSLAS ,5313 ,"Earth, Soc, Env Sustainability ",  ,  ,14,6,7,1,10,0,0,1,0,0,0,3,0,0,0,11,3,10KV5313BSLA
120128 ,KV ,265 ,BSLAS ,5313 ,"Earth, Soc, Env Sustainability ",  ,  ,3,1,2,0,2,0,0,0,0,0,0,1,0,0,0,2,1,10KV5313BSLU
120128 ,KV ,265 ,BSLAS ,5313 ,"Earth, Soc, Env Sustainability ",5103 ,Society and the Environment ,26,19,7,0,20,3,2,1,0,0,0,0,0,2,0,23,3,10KV5313BSLA
120128 ,KV ,265 ,BSLAS ,5313 ,"Earth, Soc, Env Sustainability ",5103 ,Society and the Environment ,5,3,2,0,4,1,0,0,0,0,0,0,0,0,0,4,1,10KV5313BSLU
120128 ,KV ,265 ,BSLAS ,5313 ,"Earth, Soc, Env Sustainability ",5103 ,Society and the Environment ,2,1,1,0,1,0,0,1,0,0,0,0,0,0,0,2,0,10KV8037BSLA
120128 ,KV ,265 ,BSLAS ,5313 ,"Earth, Soc, Env Sustainability ",5104 ,Science of the Earth System ,8,4,4,0,2,2,1,2,0,0,0,1,0,1,0,6,2,10KV5313BSLA
120128 ,KV ,265 ,BSLAS ,5313 ,"Earth, Soc, Env Sustainability ",5104 ,Science of the Earth System ,3,1,2,0,3,0,0,0,0,0,0,0,0,0,0,3,0,10KV5313BSLU
120128 ,KV ,299 ,BALAS ,0338 ,Psychology ,  ,  ,2,0,2,0,1,1,0,0,0,0,0,0,0,0,0,2,0,10KV0338BALA
120128 ,KV ,299 ,BSLAS ,0338 ,Psychology ,  ,  ,1203,354,849,0,672,177,87,130,1,3,31,102,0,100,8,1040,163,10KV0338BSLA
120128 ,KV ,299 ,BSLAS ,0338 ,Psychology ,  ,  ,49,13,36,0,34,6,4,0,0,0,1,4,0,5,0,44,5,10KV8037BSLA
120128 ,KV ,299 ,PHD ,0338 ,Psychology ,  ,  ,134,49,85,0,72,10,6,6,0,1,2,37,0,6,4,24,110,10KS0338PHD
120128 ,KV ,303 ,BALAS ,1008 ,African American Studies ,  ,  ,11,5,6,0,0,0,10,0,0,0,0,1,0,10,0,9,2,10KV1008BALA
120128 ,KV ,324 ,BALAS ,0344 ,Sociology ,  ,  ,218,82,136,0,85,29,53,27,1,0,3,18,2,55,4,185,33,10KV0344BALA
120128 ,KV ,324 ,BALAS ,0344 ,Sociology ,  ,  ,22,5,17,0,13,3,0,2,0,0,0,4,0,0,2,17,5,10KV8037BALA
120128 ,KV ,324 ,BSLAS ,0344 ,Sociology ,  ,  ,1,1,0,0,0,0,1,0,0,0,0,0,0,1,0,1,0,10KV0344BSLA
120128 ,KV ,324 ,PHD ,0344 ,Sociology ,  ,  ,41,18,23,0,17,3,2,4,0,0,1,13,1,2,0,9,32,10KS0344PHD
120128 ,KV ,361 ,MS ,0324 ,Entomology ,  ,  ,12,7,5,0,10,0,0,1,0,0,0,0,1,0,0,3,9,10KS0324MS
120128 ,KV ,361 ,PHD ,0324 ,Entomology ,  ,  ,24,8,16,0,11,1,0,1,0,0,0,10,1,0,0,2,22,10KS0324PHD
120128 ,KV ,362 ,BALAS ,0285 ,E Asian Languages & Cultures ,  ,  ,66,32,34,0,25,22,5,5,0,0,5,4,0,5,1,62,4,10KV0285BALA
120128 ,KV ,362 ,BALAS ,0285 ,E Asian Languages & Cultures ,  ,  ,2,1,1,0,1,0,0,1,0,0,0,0,0,0,0,2,0,10KV8037BALA
120128 ,KV ,362 ,BALAS ,0285 ,E Asian Languages & Cultures ,5119 ,Teaching East Asian Languages ,1,0,1,0,0,1,0,0,0,0,0,0,0,0,0,1,0,10KV0285BALA
120128 ,KV ,362 ,MA ,0284 ,Asian Studies ,  ,  ,6,5,1,0,4,1,0,0,0,0,0,1,0,0,0,1,5,10KS0284MA
120128 ,KV ,362 ,MA ,5311 ,East Asian Studies ,  ,  ,6,1,5,0,1,0,0,0,0,0,0,5,0,0,0,1,5,10KS5311MA
120128 ,KV ,362 ,PHD ,0285 ,E Asian Languages & Cultures ,  ,  ,24,4,20,0,1,1,0,0,0,0,0,22,0,0,0,0,24,10KS0285PHD
120128 ,KV ,377 ,MS ,0320 ,Plant Biology ,  ,  ,7,4,3,0,7,0,0,0,0,0,0,0,0,0,0,4,3,10KS0320MS
120128 ,KV ,377 ,MS ,0320 ,Plant Biology ,5166 ,Professional Science Masters ,3,2,1,0,2,0,1,0,0,0,0,0,0,1,0,3,0,1PKS0320MS
120128 ,KV ,377 ,PHD ,0320 ,Plant Biology ,  ,  ,33,15,18,0,19,2,0,2,0,0,0,8,2,1,0,12,21,10KS0320PHD
120128 ,KV ,383 ,BSLAS ,0438 ,Integrative Biology ,  ,  ,394,165,229,0,278,45,19,30,1,3,5,12,1,22,1,372,22,10KV0438BSLA
120128 ,KV ,383 ,BSLAS ,0438 ,Integrative Biology ,  ,  ,10,0,10,0,6,1,1,1,0,0,0,0,1,1,0,9,1,10KV5028BSLA
120128 ,KV ,383 ,BSLAS ,0438 ,Integrative Biology ,  ,  ,14,2,12,0,11,1,0,2,0,0,0,0,0,0,0,14,0,10KV8037BSLA
120128 ,KV ,383 ,BSLAS ,0438 ,Integrative Biology ,5028 ,Honors Integrative Biology ,23,10,13,0,15,5,0,2,0,0,0,1,0,0,0,22,1,10KV5028BSLA
120128 ,KV ,383 ,BSLAS ,0438 ,Integrative Biology ,5028 ,Honors Integrative Biology ,2,1,1,0,2,0,0,0,0,0,0,0,0,0,0,2,0,10KV8037BSLA
120128 ,KV ,383 ,MS ,0314 ,Biology ,  ,  ,13,8,5,0,6,5,1,0,0,0,1,0,0,1,0,9,4,10KS0314MS
120128 ,KV ,383 ,MS ,0314 ,Biology ,  ,  ,1,1,0,0,1,0,0,0,0,0,0,0,0,0,0,0,1,10KS0315MS
120128 ,KV ,383 ,MS ,0314 ,Biology ,0315 ,"Ecology, Ethology, Evolution ",4,2,2,0,4,0,0,0,0,0,0,0,0,0,0,1,3,10KS0315MS
120128 ,KV ,383 ,MS ,5107 ,"Ecol, Evol, Conservation Biol ",  ,  ,1,0,1,0,1,0,0,0,0,0,0,0,0,0,0,0,1,10KS5107MS
120128 ,KV ,383 ,PHD ,0314 ,Biology ,  ,  ,1,1,0,0,1,0,0,0,0,0,0,0,0,0,0,0,1,10KS0315PHD
120128 ,KV ,383 ,PHD ,0314 ,Biology ,0315 ,"Ecology, Ethology, Evolution ",12,7,5,0,9,0,0,0,0,0,2,1,0,0,1,0,12,10KS0315PHD
120128 ,KV ,383 ,PHD ,0314 ,Biology ,0316 ,Ecology & Evolutionary Biology ,2,0,2,0,2,0,0,0,0,0,0,0,0,0,0,1,1,10KS0316PHD
120128 ,KV ,383 ,PHD ,0314 ,Biology ,0317 ,Physiol & Molec Plant Biology ,2,1,1,0,0,0,0,0,0,0,0,2,0,0,0,0,2,10KS0317PHD
120128 ,KV ,383 ,PHD ,5107 ,"Ecol, Evol, Conservation Biol ",  ,  ,30,10,20,0,22,2,0,3,1,0,0,1,1,0,1,9,21,10KS5107PHD
120128 ,KV ,397 ,BALAS ,0314 ,Biology ,  ,  ,2,1,1,0,0,1,1,0,0,0,0,0,0,1,0,2,0,10KV0314BALA
120128 ,KV ,397 ,BSLAS ,0314 ,Biology ,3993 ,Biology Teacher Educ Option ,9,3,6,0,6,1,0,0,0,0,2,0,0,0,2,9,0,10KV3993BSLA
120128 ,KV ,397 ,NONE ,0314 ,Biology ,  ,  ,651,280,371,0,298,189,40,61,0,0,19,37,7,48,6,579,72,10KV0314NONE
120128 ,KV ,405 ,BALAS ,0074 ,Economics ,  ,  ,639,453,186,0,223,81,7,17,0,1,11,294,5,7,1,309,330,10KV0074BALA
120128 ,KV ,405 ,BALAS ,0074 ,Economics ,  ,  ,82,50,32,0,21,12,2,0,0,0,1,46,0,2,0,33,49,10KV8037BALA
120128 ,KV ,405 ,MS ,0074 ,Economics ,  ,  ,2,1,1,0,0,0,0,0,0,0,0,2,0,0,0,0,2,10KS3925MS
120128 ,KV ,405 ,MS ,0074 ,Economics ,3925 ,Policy Economics ,153,80,73,0,3,3,1,0,0,0,1,145,0,2,0,2,151,10KS3925MS
120128 ,KV ,405 ,PHD ,0074 ,Economics ,  ,  ,92,62,30,0,8,6,0,3,0,0,1,73,1,0,0,4,88,10KS0074PHD
120128 ,KV ,413 ,BS ,0335 ,Chemistry ,  ,  ,149,102,47,0,72,37,2,9,0,0,4,23,2,2,2,113,36,10KV0335BS
120128 ,KV ,413 ,BS ,0335 ,Chemistry ,5023 ,Environmental Chemistry ,2,1,1,0,1,0,0,0,0,0,1,0,0,0,0,2,0,10KV5023BS
120128 ,KV ,413 ,BSLAS ,0335 ,Chemistry ,  ,  ,342,192,150,0,149,87,17,21,0,1,4,59,4,21,1,258,84,10KV0335BSLA
120128 ,KV ,413 ,BSLAS ,0335 ,Chemistry ,  ,  ,16,10,6,0,8,4,0,1,0,0,0,3,0,0,0,13,3,10KV8037BSLA
120128 ,KV ,413 ,BSLAS ,0335 ,Chemistry ,3918 ,Chemistry Teaching Option ,9,4,5,0,8,1,0,0,0,0,0,0,0,0,0,9,0,10KV3918BSLA
120128 ,KV ,413 ,MS ,0294 ,Teaching of Chemistry ,  ,  ,2,1,1,0,2,0,0,0,0,0,0,0,0,0,0,1,1,10KS0294MS
120128 ,KV ,413 ,MS ,0335 ,Chemistry ,  ,  ,2,2,0,0,1,1,0,0,0,0,0,0,0,0,0,1,1,10KS0335MS
120128 ,KV ,413 ,PHD ,0335 ,Chemistry ,  ,  ,283,185,98,0,159,19,2,6,2,0,7,83,5,2,3,15,268,10KS0335PHD
120128 ,KV ,413 ,PHD ,0337 ,Chemical Physics ,  ,  ,9,7,2,0,4,0,1,1,0,0,0,3,0,1,0,0,9,10KS0337PHD
120128 ,KV ,415 ,BALAS ,0433 ,Molecular and Cellular Biology ,  ,  ,1,0,1,0,0,0,0,0,0,0,0,1,0,0,0,1,0,10KV8037BALA
120128 ,KV ,415 ,BSLAS ,0433 ,Molecular and Cellular Biology ,  ,  ,1010,520,490,0,553,270,52,61,3,4,16,46,5,59,7,932,78,10KV0433BSLA
120128 ,KV ,415 ,BSLAS ,0433 ,Molecular and Cellular Biology ,  ,  ,49,28,21,0,25,18,0,1,0,0,0,5,0,0,0,42,7,10KV8037BSLA
120128 ,KV ,415 ,BSLAS ,0433 ,Molecular and Cellular Biology ,5121 ,Honors ,46,18,28,0,28,7,3,1,0,0,3,2,2,4,1,43,3,10KV0433BSLA
120128 ,KV ,415 ,BSLAS ,0433 ,Molecular and Cellular Biology ,5121 ,Honors ,7,3,4,0,3,4,0,0,0,0,0,0,0,0,0,7,0,10KV8037BSLA
120128 ,KV ,415 ,NONE ,3854 ,Molecular&Cell Bio-undeclared ,  ,  ,33,13,20,0,11,4,0,0,0,0,2,16,0,1,1,5,28,10KS3854NONE
120128 ,KV ,415 ,PHD ,0319 ,Biophysics & Computnl Biology ,  ,  ,67,53,14,0,18,5,0,2,0,0,1,41,0,0,0,8,59,10KS0319PHD
120128 ,KV ,415 ,PHD ,0323 ,Neuroscience ,  ,  ,55,27,28,0,28,9,1,4,0,1,1,11,0,2,1,16,39,10KS0323PHD
120128 ,KV ,430 ,BSLAS ,0333 ,Astronomy ,  ,  ,40,26,14,0,22,8,1,6,1,0,0,2,0,2,2,35,5,10KV0333BSLA
120128 ,KV ,430 ,MS ,0333 ,Astronomy ,  ,  ,1,1,0,0,1,0,0,0,0,0,0,0,0,0,0,1,0,10KS0333MS
120128 ,KV ,430 ,PHD ,0333 ,Astronomy ,  ,  ,23,14,9,0,7,2,0,1,0,0,0,13,0,0,0,1,22,10KS0333PHD
120128 ,KV ,438 ,BS ,0318 ,Biochemistry ,  ,  ,160,104,56,0,71,57,3,5,0,0,3,20,1,4,0,127,33,10KV0318BS
120128 ,KV ,438 ,PHD ,0318 ,Biochemistry ,  ,  ,64,35,29,0,20,5,0,4,0,0,1,34,0,0,1,14,50,10KS0318PHD
120128 ,KV ,451 ,BALAS ,0342 ,History ,  ,  ,290,194,94,2,234,14,4,22,0,1,6,6,3,4,2,277,13,10KV0342BALA
120128 ,KV ,451 ,BALAS ,0342 ,History ,  ,  ,22,8,14,0,20,0,0,2,0,0,0,0,0,0,0,21,1,10KV8037BALA
120128 ,KV ,451 ,BALAS ,0342 ,History ,3917 ,Teaching of Social Studies ,1,0,1,0,0,0,0,0,0,0,1,0,0,1,0,1,0,10KV8037BALA
120128 ,KV ,451 ,BALAS ,0342 ,History ,5280 ,Social Science: History Tchng ,62,31,31,0,57,0,1,3,0,0,1,0,0,2,0,61,1,10KV0342BALA
120128 ,KV ,451 ,PHD ,0342 ,History ,  ,  ,93,50,43,0,55,3,4,6,0,0,6,15,4,6,1,16,77,10KS0342PHD
120128 ,KV ,461 ,MA ,0283 ,African Studies ,  ,  ,4,3,1,0,1,0,2,0,0,0,0,1,0,2,0,1,3,10KS0283MA
120128 ,KV ,489 ,BALAS ,0313 ,Speech Communication ,  ,  ,1,1,0,0,0,0,0,0,0,0,0,1,0,0,0,0,1,10KV0313BALA
120128 ,KV ,489 ,BALAS ,5164 ,Communication ,  ,  ,800,345,454,1,475,51,121,76,2,1,13,59,2,127,5,698,102,10KV5164BALA
120128 ,KV ,489 ,BALAS ,5164 ,Communication ,  ,  ,18,5,13,0,10,4,0,2,0,0,0,2,0,0,0,15,3,10KV8037BALA
120128 ,KV ,489 ,MA ,5164 ,Communication ,  ,  ,21,7,14,0,12,1,1,4,0,0,0,2,1,1,0,8,13,10KS5164MA
120128 ,KV ,489 ,PHD ,0313 ,Speech Communication ,  ,  ,5,5,0,0,4,0,0,1,0,0,0,0,0,0,0,1,4,10KS0313PHD
120128 ,KV ,489 ,PHD ,5164 ,Communication ,  ,  ,34,9,25,0,25,0,3,0,0,0,0,6,0,3,0,11,23,10KS5164PHD
120128 ,KV ,490 ,BALAS ,0443 ,Religious Studies ,  ,  ,1,0,1,0,0,1,0,0,0,0,0,0,0,0,0,1,0,10KV0443BALA
120128 ,KV ,490 ,BALAS ,0443 ,Religious Studies ,3902 ,Philosophy of Religion ,1,1,0,0,1,0,0,0,0,0,0,0,0,0,0,1,0,10KV3902BALA
120128 ,KV ,490 ,BALAS ,5197 ,Religion ,  ,  ,10,5,5,0,5,2,1,1,0,0,0,1,0,1,0,9,1,10KV5197BALA
120128 ,KV ,490 ,BALAS ,5197 ,Religion ,3899 ,Christianity ,3,2,1,0,1,0,2,0,0,0,0,0,0,2,0,3,0,10KV5197BALA
120128 ,KV ,490 ,BALAS ,5197 ,Religion ,3904 ,Asian Religions ,1,1,0,0,1,0,0,0,0,0,0,0,0,0,0,1,0,10KV5197BALA
120128 ,KV ,490 ,MA ,5197 ,Religion ,  ,  ,6,5,1,0,6,0,0,0,0,0,0,0,0,0,0,2,4,10KS5197MA
120128 ,KV ,499 ,BALAS ,0311 ,English ,  ,  ,379,126,253,0,266,39,28,26,0,0,13,6,1,34,4,369,10,10KV0311BALA
120128 ,KV ,499 ,BALAS ,0311 ,English ,  ,  ,1,0,1,0,1,0,0,0,0,0,0,0,0,0,0,1,0,10KV3916BALA
120128 ,KV ,499 ,BALAS ,0311 ,English ,  ,  ,48,12,35,1,37,7,1,1,0,0,1,0,1,1,0,47,1,10KV8037BALA
120128 ,KV ,499 ,BALAS ,0311 ,English ,3916 ,English Teaching Option ,72,16,56,0,61,3,3,4,0,0,1,0,0,5,1,71,1,10KV3916BALA
120128 ,KV ,499 ,BALAS ,0311 ,English ,3916 ,English Teaching Option ,2,0,2,0,2,0,0,0,0,0,0,0,0,0,0,2,0,10KV8037BALA
120128 ,KV ,499 ,BALAS ,0420 ,Rhetoric ,  ,  ,10,3,7,0,7,1,1,0,0,0,0,1,0,1,0,9,1,10KV0420BALA
120128 ,KV ,499 ,BALAS ,0420 ,Rhetoric ,  ,  ,2,1,1,0,2,0,0,0,0,0,0,0,0,0,0,2,0,10KV8037BALA
120128 ,KV ,499 ,BALAS ,0420 ,Rhetoric ,3892 ,Creative Writing ,1,0,1,0,1,0,0,0,0,0,0,0,0,0,0,1,0,10KV0420BALA
120128 ,KV ,499 ,BALAS ,0420 ,Rhetoric ,3892 ,Creative Writing ,70,28,42,0,40,7,14,7,0,0,1,0,1,15,0,70,0,10KV3892BALA
120128 ,KV ,499 ,BALAS ,0420 ,Rhetoric ,3892 ,Creative Writing ,10,3,7,0,7,0,2,1,0,0,0,0,0,2,0,10,0,10KV8037BALA
120128 ,KV ,499 ,BSLAS ,0311 ,English ,  ,  ,2,1,1,0,1,1,0,0,0,0,0,0,0,0,0,1,1,10KV0311BSLA
120128 ,KV ,499 ,MA ,0311 ,English ,  ,  ,20,7,13,0,18,1,0,1,0,0,0,0,0,0,0,7,13,10KS0311MA
120128 ,KV ,499 ,MFA ,1136 ,Creative Writing ,  ,  ,16,4,12,0,11,1,2,0,0,0,1,0,1,2,1,3,13,10KS1136MFA
120128 ,KV ,499 ,PHD ,0311 ,English ,  ,  ,100,32,68,0,65,7,3,14,1,0,0,10,0,3,1,18,82,10KS0311PHD
120128 ,KV ,499 ,PHD ,0311 ,English ,5080 ,Medieval Studies ,1,0,1,0,1,0,0,0,0,0,0,0,0,0,0,0,1,10KS0311PHD
120128 ,KV ,514 ,BALAS ,0308 ,Classics ,  ,  ,9,6,3,0,9,0,0,0,0,0,0,0,0,0,0,8,1,10KV0308BALA
120128 ,KV ,514 ,BALAS ,0308 ,Classics ,0309 ,Greek ,1,1,0,0,1,0,0,0,0,0,0,0,0,0,0,1,0,10KV0309BALA
120128 ,KV ,514 ,BALAS ,0308 ,Classics ,0310 ,Latin ,4,1,3,0,3,0,0,0,0,0,1,0,0,0,0,4,0,10KV0310BALA
120128 ,KV ,514 ,BALAS ,0308 ,Classics ,3878 ,Classical Civilization ,3,1,2,0,2,1,0,0,0,0,0,0,0,0,0,3,0,10KV3878BALA
120128 ,KV ,514 ,BALAS ,0308 ,Classics ,3878 ,Classical Civilization ,1,0,1,0,0,1,0,0,0,0,0,0,0,0,0,1,0,10KV8037BALA
120128 ,KV ,514 ,MA ,0308 ,Classics ,  ,  ,7,4,3,0,4,0,0,0,0,0,1,2,0,1,0,1,6,10KS0308MA
120128 ,KV ,514 ,PHD ,0347 ,Classical Philology ,  ,  ,9,5,4,0,7,1,0,1,0,0,0,0,0,0,0,3,6,10KS0347PHD
120128 ,KV ,553 ,BALAS ,0287 ,Russian & E European Studies ,  ,  ,1,0,1,0,1,0,0,0,0,0,0,0,0,0,0,1,0,10KV0287BALA
120128 ,KV ,553 ,BALAS ,4097 ,"Russian, E Eur, Eurasian St ",  ,  ,3,2,1,0,3,0,0,0,0,0,0,0,0,0,0,3,0,10KV4097BALA
120128 ,KV ,553 ,MA ,4097 ,"Russian, E Eur, Eurasian St ",  ,  ,3,1,2,0,3,0,0,0,0,0,0,0,0,0,0,1,2,10KS4097MA
120128 ,KV ,580 ,BALAS ,0150 ,History of Art ,  ,  ,26,1,25,0,16,1,2,1,0,0,0,6,0,2,0,20,6,10KV0150BALA
120128 ,KV ,580 ,BALAS ,0401 ,International Studies ,  ,  ,5,3,2,0,1,1,1,0,0,0,0,2,0,1,0,2,3,10KV0401BALA
120128 ,KV ,580 ,BALAS ,0401 ,International Studies ,  ,  ,1,0,1,0,0,0,0,1,0,0,0,0,0,0,0,1,0,10KV8037BALA
120128 ,KV ,580 ,BALAS ,0463 ,Individual Plans of Study ,  ,  ,1,0,1,0,1,0,0,0,0,0,0,0,0,0,0,1,0,10KV0463BALA
120128 ,KV ,580 ,BALAS ,3865 ,Interdisciplinary ,  ,  ,3,0,3,0,2,1,0,0,0,0,0,0,0,0,0,3,0,10KV3865BALA
120128 ,KV ,580 ,BALAS ,3865 ,Interdisciplinary ,3867 ,Renaissance Studies ,1,0,1,0,1,0,0,0,0,0,0,0,0,0,0,1,0,10KV3867BALA
120128 ,KV ,580 ,BALAS ,5206 ,Global Studies ,  ,  ,239,63,176,0,132,38,18,25,0,1,7,17,1,21,1,216,23,10KV5206BALA
120128 ,KV ,580 ,BALAS ,5206 ,Global Studies ,  ,  ,29,8,21,0,13,6,1,7,0,0,0,2,0,2,0,25,4,10KV8037BALA
120128 ,KV ,580 ,BS ,0240 ,Physics ,  ,  ,151,137,14,0,86,21,3,6,0,0,3,31,1,3,3,99,52,10KV0240BS
120128 ,KV ,580 ,BSLAS ,0240 ,Physics ,  ,  ,127,110,17,0,67,10,1,2,0,0,2,45,0,1,1,71,56,10KV0240BSLA
120128 ,KV ,580 ,BSLAS ,0240 ,Physics ,  ,  ,2,2,0,0,2,0,0,0,0,0,0,0,0,0,0,2,0,10KV8037BSLA
120128 ,KV ,580 ,BSLAS ,0240 ,Physics ,3919 ,Physics Teaching Option ,8,7,1,0,6,0,0,2,0,0,0,0,0,0,0,8,0,10KV3919BSLA
120128 ,KV ,580 ,BSLAS ,0463 ,Individual Plans of Study ,  ,  ,3,2,1,0,1,1,0,0,0,0,0,1,0,0,0,0,3,10KV0463BSLA
120128 ,KV ,580 ,NDEG ,0067 ,Nondegree ,  ,  ,189,93,96,0,64,13,4,5,0,0,6,93,4,5,1,89,100,10KV0067NDEG
120128 ,KV ,580 ,NONE ,0390 ,General Curriculum ,  ,  ,41,25,16,0,14,1,12,13,0,0,0,1,0,13,0,38,3,10KV0390NONE
120128 ,KV ,580 ,NONE ,5246 ,LAS - Undeclared ,  ,  ,178,58,120,0,0,4,121,45,0,0,7,1,0,134,1,165,13,10KV5246NONE
120128 ,KV ,583 ,BSLAS ,0329 ,Statistics ,  ,  ,143,103,40,0,62,17,4,7,0,0,5,47,1,5,2,93,50,10KV0329BSLA
120128 ,KV ,583 ,BSLAS ,0329 ,Statistics ,  ,  ,11,4,7,0,3,2,0,0,0,0,0,6,0,0,0,5,6,10KV8037BSLA
120128 ,KV ,583 ,BSLAS ,0464 ,Statistics & Computer Science ,  ,  ,20,14,6,0,6,4,0,0,0,0,1,9,0,0,0,11,9,10KV0464BSLA
120128 ,KV ,583 ,MS ,0329 ,Statistics ,  ,  ,71,34,37,0,8,7,0,0,0,0,1,55,0,1,0,15,56,10KS0329MS
120128 ,KV ,583 ,MS ,0329 ,Statistics ,0331 ,Applied ,4,2,2,0,1,0,0,1,0,0,0,2,0,0,0,2,2,10KS0331MS
120128 ,KV ,583 ,MS ,0329 ,Statistics ,5165 ,Analytics ,11,5,6,0,3,0,0,0,0,0,0,8,0,0,0,2,9,10KS5165MS
120128 ,KV ,583 ,PHD ,0329 ,Statistics ,  ,  ,30,20,10,0,6,1,1,0,0,0,0,22,0,1,0,4,26,10KS0329PHD
120128 ,KV ,584 ,PHD ,4094 ,Cell and Developmental Biology ,  ,  ,39,19,20,0,8,5,0,1,0,0,0,25,0,0,0,4,35,10KS4094PHD
120128 ,KV ,585 ,BA ,0297 ,Teaching of Spanish ,  ,  ,18,3,15,0,11,2,0,4,0,0,1,0,0,0,1,18,0,10KV0297BA
120128 ,KV ,585 ,BALAS ,0305 ,Italian ,  ,  ,3,2,1,0,2,0,0,1,0,0,0,0,0,0,0,3,0,10KV0305BALA
120128 ,KV ,585 ,BALAS ,0306 ,Portuguese ,  ,  ,1,1,0,0,1,0,0,0,0,0,0,0,0,0,0,1,0,10KV0306BALA
120128 ,KV ,585 ,BALAS ,0307 ,Spanish ,  ,  ,124,31,93,0,83,1,9,26,1,0,3,1,0,10,1,120,4,10KV0307BALA
120128 ,KV ,585 ,BALAS ,0307 ,Spanish ,  ,  ,23,3,20,0,17,1,1,3,0,0,1,0,0,1,1,21,2,10KV8037BALA
120128 ,KV ,585 ,MA ,0305 ,Italian ,  ,  ,1,0,1,0,0,0,0,1,0,0,0,0,0,0,0,0,1,10KS0305MA
120128 ,KV ,585 ,MA ,0306 ,Portuguese ,  ,  ,2,0,2,0,0,0,0,0,0,0,0,2,0,0,0,0,2,10KS0306MA
120128 ,KV ,585 ,MA ,0307 ,Spanish ,  ,  ,12,5,7,0,5,0,0,1,0,0,0,4,2,0,0,3,9,10KS0307MA
120128 ,KV ,585 ,MA ,0307 ,Spanish ,5122 ,Spanish Linguistics ,4,1,3,0,2,0,0,0,0,0,0,2,0,0,0,1,3,10KS0307MA
120128 ,KV ,585 ,PHD ,0305 ,Italian ,  ,  ,3,1,2,0,2,0,0,0,0,0,0,1,0,0,0,0,3,10KS0305PHD
120128 ,KV ,585 ,PHD ,0306 ,Portuguese ,  ,  ,1,0,1,0,0,0,0,1,0,0,0,0,0,0,0,0,1,10KS0306PHD
120128 ,KV ,585 ,PHD ,0307 ,Spanish ,  ,  ,25,7,18,0,9,0,0,5,0,0,0,11,0,2,0,4,21,10KS0307PHD
120128 ,KV ,604 ,PHD ,0325 ,Molecular & Integrative Physi ,  ,  ,16,8,8,0,9,2,0,0,0,0,0,5,0,0,0,6,10,10KS0325PHD
120128 ,KV ,655 ,BS ,0336 ,Geology ,  ,  ,16,11,5,0,13,0,2,1,0,0,0,0,0,2,0,16,0,10KV0336BS
120128 ,KV ,655 ,BS ,0336 ,Geology ,3880 ,Geophysics ,1,0,1,0,1,0,0,0,0,0,0,0,0,0,0,0,1,10KV3880BS
120128 ,KV ,655 ,BS ,0336 ,Geology ,3881 ,Environmental Geology ,3,3,0,0,1,1,1,0,0,0,0,0,0,1,0,2,1,10KV0336BS
120128 ,KV ,655 ,BS ,0336 ,Geology ,3881 ,Environmental Geology ,2,2,0,0,2,0,0,0,0,0,0,0,0,0,0,2,0,10KV3881BS
120128 ,KV ,655 ,BSLAS ,0336 ,Geology ,  ,  ,19,10,9,0,14,2,0,2,0,0,0,1,0,0,0,14,5,10KV0336BSLA
120128 ,KV ,655 ,BSLAS ,0336 ,Geology ,3882 ,Earth & Environmental Sciences ,2,1,1,0,1,0,0,0,0,0,1,0,0,1,1,2,0,10KV3882BSLA
120128 ,KV ,655 ,MS ,0336 ,Geology ,  ,  ,15,8,7,0,12,0,0,2,0,0,0,0,1,0,0,9,6,10KS0336MS
120128 ,KV ,655 ,PHD ,0336 ,Geology ,  ,  ,15,8,7,0,6,0,0,0,0,0,0,9,0,0,0,2,13,10KS0336PHD
120128 ,KV ,670 ,MA ,5203 ,European Union Studies ,  ,  ,8,4,4,0,8,0,0,0,0,0,0,0,0,0,0,7,1,10KS5203MA
120128 ,KV ,680 ,BALAS ,1279 ,Gender and Women's Studies ,  ,  ,10,3,7,0,3,0,4,1,0,0,2,0,0,6,0,10,0,10KV1279BALA
120128 ,KV ,680 ,BALAS ,1279 ,Gender and Women's Studies ,  ,  ,1,0,1,0,1,0,0,0,0,0,0,0,0,0,0,1,0,10KV8037BALA
120128 ,KV ,687 ,BS ,0300 ,Chemical Engineering ,  ,  ,539,368,171,0,305,101,11,30,0,1,17,70,4,14,1,405,134,10KV0300BS
120128 ,KV ,687 ,BS ,0300 ,Chemical Engineering ,5029 ,Biomolecular Engineering ,10,5,5,0,4,5,0,1,0,0,0,0,0,0,0,10,0,10KV5029BS
120128 ,KV ,687 ,MS ,0300 ,Chemical Engineering ,  ,  ,2,0,2,0,1,0,0,0,0,0,0,1,0,0,0,0,2,10KS0300MS
120128 ,KV ,687 ,NDEG ,0300 ,Chemical Engineering ,  ,  ,1,0,1,0,0,0,0,1,0,0,0,0,0,0,0,0,1,10KS0300NDEG
120128 ,KV ,687 ,NONE ,0300 ,Chemical Engineering ,  ,  ,1,0,1,0,0,0,0,0,0,0,0,1,0,0,0,0,1,10KS0300NONE
120128 ,KV ,687 ,PHD ,0300 ,Chemical Engineering ,  ,  ,103,70,33,0,36,12,0,2,0,0,1,50,2,0,0,5,98,10KS0300PHD
120128 ,KV ,710 ,BALAS ,0343 ,Political Science ,  ,  ,616,405,210,1,375,61,46,79,0,2,11,37,5,54,9,553,63,10KV0343BALA
120128 ,KV ,710 ,BALAS ,0343 ,Political Science ,  ,  ,72,39,33,0,47,10,5,7,0,0,1,2,0,5,2,70,2,10KV8037BALA
120128 ,KV ,710 ,BSLAS ,0343 ,Political Science ,  ,  ,1,1,0,0,0,1,0,0,0,0,0,0,0,0,0,1,0,10KV0343BSLA
120128 ,KV ,710 ,MA ,0343 ,Political Science ,  ,  ,1,1,0,0,1,0,0,0,0,0,0,0,0,0,0,1,0,10KS0343MA
120128 ,KV ,710 ,MA ,0343 ,Political Science ,5120 ,Civic Leadership ,10,3,7,0,9,0,1,0,0,0,0,0,0,1,0,9,1,10KS0343MA
120128 ,KV ,710 ,PHD ,0343 ,Political Science ,  ,  ,49,30,19,0,39,5,1,1,0,0,1,2,0,1,2,7,42,10KS0343PHD
120128 ,KV ,715 ,BALAS ,0332 ,Philosophy ,  ,  ,82,55,26,1,55,10,4,8,0,0,2,2,1,6,2,78,4,10KV0332BALA
120128 ,KV ,715 ,BALAS ,0332 ,Philosophy ,  ,  ,4,3,1,0,3,0,0,0,0,0,0,0,1,0,0,4,0,10KV8037BALA
120128 ,KV ,715 ,PHD ,0332 ,Philosophy ,  ,  ,34,29,5,0,30,1,0,1,0,0,0,2,0,0,0,5,29,10KS0332PHD
120128 ,KV ,729 ,BALAS ,0286 ,Latin American Studies ,  ,  ,5,2,3,0,2,0,0,3,0,0,0,0,0,0,1,5,0,10KV0286BALA
120128 ,KV ,729 ,BALAS ,0286 ,Latin American Studies ,  ,  ,1,1,0,0,0,0,0,1,0,0,0,0,0,0,0,1,0,10KV8037BALA
120128 ,KV ,729 ,MA ,0286 ,Latin American Studies ,  ,  ,5,0,5,0,4,0,0,0,0,0,0,1,0,0,0,1,4,10KS0286MA
120128 ,KV ,771 ,BALAS ,1120 ,Comparative Literature ,  ,  ,5,4,1,0,5,0,0,0,0,0,0,0,0,0,0,5,0,10KV1120BALA
120128 ,KV ,771 ,BALAS ,1120 ,Comparative Literature ,  ,  ,1,1,0,0,1,0,0,0,0,0,0,0,0,0,0,1,0,10KV8037BALA
120128 ,KV ,771 ,BALAS ,1120 ,Comparative Literature ,3905 ,World Literature ,2,1,1,0,0,1,0,0,0,0,0,0,1,0,0,2,0,10KV3905BALA
120128 ,KV ,771 ,MA ,1120 ,Comparative Literature ,  ,  ,8,2,6,0,2,0,0,0,0,0,0,6,0,0,0,0,8,10KS1120MA
120128 ,KV ,771 ,PHD ,1120 ,Comparative Literature ,  ,  ,11,4,7,0,7,2,0,0,0,0,0,2,0,0,0,1,10,10KS1120PHD
120128 ,KV ,864 ,BALAS ,0301 ,Linguistics ,  ,  ,50,16,34,0,32,5,4,3,0,0,2,3,1,5,1,44,6,10KV0301BALA
120128 ,KV ,864 ,BALAS ,0301 ,Linguistics ,  ,  ,1,0,1,0,1,0,0,0,0,0,0,0,0,0,0,1,0,10KV8037BALA
120128 ,KV ,864 ,MA ,0299 ,Teaching of English Sec Lang ,  ,  ,49,9,40,0,21,6,0,1,0,0,1,20,0,1,0,15,34,10KS0299MA
120128 ,KV ,864 ,MA ,0301 ,Linguistics ,  ,  ,20,7,13,0,10,0,0,1,0,0,1,8,0,0,0,1,19,10KS0301MA
120128 ,KV ,864 ,NONE ,0301 ,Linguistics ,  ,  ,2,1,1,0,1,0,0,1,0,0,0,0,0,0,0,2,0,10KV0301NONE
120128 ,KV ,864 ,PHD ,0301 ,Linguistics ,  ,  ,32,11,21,0,9,4,2,0,0,0,0,17,0,2,0,9,23,10KS0301PHD
120128 ,KV ,872 ,BALAS ,0341 ,Geography ,  ,  ,12,10,2,0,9,0,2,0,0,0,0,1,0,2,0,11,1,10KV0341BALA
120128 ,KV ,872 ,BALAS ,0341 ,Geography ,  ,  ,1,1,0,0,0,0,0,1,0,0,0,0,0,0,0,1,0,10KV3886BALA
120128 ,KV ,872 ,BALAS ,0341 ,Geography ,3884 ,Human Geography ,1,1,0,0,1,0,0,0,0,0,0,0,0,0,0,1,0,10KV3884BALA
120128 ,KV ,872 ,BALAS ,0341 ,Geography ,3885 ,Physical Geography ,1,0,1,0,1,0,0,0,0,0,0,0,0,0,0,1,0,10KV3885BALA
120128 ,KV ,872 ,BALAS ,0341 ,Geography ,3886 ,Geographic Information Science ,5,4,1,0,2,2,0,1,0,0,0,0,0,0,0,5,0,10KV3886BALA
120128 ,KV ,872 ,BSLAS ,0341 ,Geography ,  ,  ,1,1,0,0,1,0,0,0,0,0,0,0,0,0,0,1,0,10KV0341BSLA
120128 ,KV ,872 ,MA ,0341 ,Geography ,  ,  ,5,4,1,0,3,0,0,0,0,0,0,1,1,0,0,3,2,10KS0341MA
120128 ,KV ,872 ,MS ,0341 ,Geography ,  ,  ,2,2,0,0,1,0,0,0,0,0,0,1,0,0,0,0,2,10KS0341MS
120128 ,KV ,872 ,PHD ,0341 ,Geography ,  ,  ,30,19,11,0,13,1,1,0,0,0,2,13,0,1,1,4,26,10KS0341PHD
120128 ,KV ,927 ,BA ,0296 ,Teaching of German ,  ,  ,1,0,1,0,1,0,0,0,0,0,0,0,0,0,0,1,0,10KV0296BA
120128 ,KV ,927 ,BALAS ,0412 ,Germanic Lang & Lit ,  ,  ,8,4,4,0,6,0,0,2,0,0,0,0,0,0,0,7,1,10KV0412BALA
120128 ,KV ,927 ,BALAS ,0412 ,Germanic Lang & Lit ,3887 ,German and Commercial Studies ,2,1,1,0,2,0,0,0,0,0,0,0,0,0,0,2,0,10KV3887BALA
120128 ,KV ,927 ,BALAS ,0412 ,Germanic Lang & Lit ,3888 ,Language and Literature ,2,1,1,0,1,0,0,0,0,0,1,0,0,0,0,2,0,10KV3888BALA
120128 ,KV ,927 ,BALAS ,0412 ,Germanic Lang & Lit ,3888 ,Language and Literature ,2,1,1,0,1,0,0,0,0,0,1,0,0,0,0,2,0,10KV8037BALA
120128 ,KV ,927 ,BALAS ,0412 ,Germanic Lang & Lit ,3889 ,Language Studies ,1,0,1,0,1,0,0,0,0,0,0,0,0,0,0,1,0,10KV3889BALA
120128 ,KV ,927 ,BALAS ,0412 ,Germanic Lang & Lit ,3890 ,Modern German Studies ,1,0,1,0,1,0,0,0,0,0,0,0,0,0,0,1,0,10KV3890BALA
120128 ,KV ,927 ,MA ,0303 ,German ,  ,  ,6,2,4,0,4,0,0,0,0,0,1,1,0,0,0,4,2,10KS0303MA
120128 ,KV ,927 ,NDEG ,0303 ,German ,  ,  ,2,1,1,0,0,0,0,0,0,0,0,2,0,0,0,0,2,10KS0303NDEG
120128 ,KV ,927 ,PHD ,0303 ,German ,  ,  ,9,4,5,0,5,0,0,0,0,0,0,4,0,0,0,1,8,10KS0303PHD
120128 ,KV ,948 ,BALAS ,0322 ,Microbiology ,  ,  ,1,1,0,0,1,0,0,0,0,0,0,0,0,0,0,1,0,10KV0322BALA
120128 ,KV ,948 ,PHD ,0322 ,Microbiology ,  ,  ,58,24,34,0,30,3,1,3,1,0,0,19,1,1,1,13,45,10KS0322PHD
120128 ,KV ,958 ,BALAS ,0411 ,Russian Lang & Literature ,  ,  ,5,2,3,0,4,0,0,0,0,0,0,1,0,0,0,4,1,10KV0411BALA
120128 ,KV ,958 ,MA ,0302 ,Slavic Languages & Literature ,  ,  ,3,1,2,0,2,0,0,1,0,0,0,0,0,0,0,1,2,10KS0302MA
120128 ,KV ,958 ,PHD ,0302 ,Slavic Languages & Literature ,  ,  ,13,1,12,0,5,1,0,0,0,0,0,5,2,0,0,0,13,10KS0302PHD
120128 ,KV ,982 ,BALAS ,5167 ,Latina/Latino Studies ,  ,  ,6,2,4,0,0,0,0,6,0,0,0,0,0,0,0,6,0,10KV5167BALA
120128 ,KV ,985 ,BA ,0295 ,Teaching of French ,  ,  ,8,0,8,0,8,0,0,0,0,0,0,0,0,0,0,8,0,10KV0295BA
120128 ,KV ,985 ,BALAS ,0304 ,French ,  ,  ,23,4,19,0,16,2,1,1,0,0,2,1,0,1,1,21,2,10KV0304BALA
120128 ,KV ,985 ,BALAS ,0304 ,French ,  ,  ,3,1,2,0,1,0,0,1,0,0,0,1,0,0,0,2,1,10KV8037BALA
120128 ,KV ,985 ,BALAS ,0304 ,French ,3875 ,French Commercial Studies ,4,1,3,0,2,1,0,0,0,0,0,1,0,0,0,3,1,10KV3875BALA
120128 ,KV ,985 ,BALAS ,0304 ,French ,3876 ,French Studies ,1,0,1,0,0,1,0,0,0,0,0,0,0,0,0,1,0,10KV0304BALA
120128 ,KV ,985 ,BALAS ,0304 ,French ,3876 ,French Studies ,7,3,4,0,6,0,0,1,0,0,0,0,0,0,0,7,0,10KV3876BALA
120128 ,KV ,985 ,MA ,0304 ,French ,  ,  ,8,3,5,0,4,0,1,0,0,0,0,3,0,1,0,4,4,10KS0304MA
120128 ,KV ,985 ,NDEG ,0304 ,French ,  ,  ,2,0,2,0,0,0,0,0,0,0,0,2,0,0,0,0,2,10KS0304NDEG
120128 ,KV ,985 ,PHD ,0304 ,French ,  ,  ,16,6,10,0,10,0,2,0,0,0,0,4,0,2,0,2,14,10KS0304PHD
120128 ,KV ,  ,  ,  ,Liberal Arts & Sci ,  ,***College total*** ,13657,6879,6771,7,7125,1807,812,1002,19,23,289,2484,96,928,110,9557,4100, 
 ,,,,,,,,,,,,,,,,,,,,,,,,,
 ,,,,,,,,,,,,,,,,,,,,,,,,,
120128 ,KW ,  ,  ,  ,General Studies ,  ,  ,  ,  ,  ,  ,  ,  ,  ,  ,  ,  ,  ,  ,  ,  ,  ,  ,  , 
120128 ,KW ,605 ,NONE ,5083 ,Undeclared ,  ,  ,2967,1747,1220,0,1597,439,227,344,0,6,75,267,12,265,22,2537,430,10KW5083NONE
120128 ,KW ,  ,  ,  ,General Studies ,  ,***College total*** ,2967,1747,1220,0,1597,439,227,344,0,6,75,267,12,265,22,2537,430, 
 ,,,,,,,,,,,,,,,,,,,,,,,,,
 ,,,,,,,,,,,,,,,,,,,,,,,,,
120128 ,KY ,  ,  ,  ,Applied Health Sci ,  ,  ,  ,  ,  ,  ,  ,  ,  ,  ,  ,  ,  ,  ,  ,  ,  ,  ,  , 
120128 ,KY ,294 ,BS ,5204 ,Health ,  ,  ,60,19,41,0,26,10,10,11,0,0,2,0,1,11,2,57,3,10KY5204BS
120128 ,KY ,294 ,BS ,5204 ,Health ,5219 ,Health and Aging ,11,2,9,0,5,1,2,2,0,0,0,0,1,2,0,11,0,10KY5204BS
120128 ,KY ,294 ,BS ,5204 ,Health ,5220 ,Health Behavior Change ,42,14,28,0,27,6,3,2,0,0,4,0,0,6,0,41,1,10KY5204BS
120128 ,KY ,294 ,BS ,5204 ,Health ,5221 ,Health Diversity ,39,6,33,0,29,4,2,2,0,0,1,0,1,2,1,39,0,10KY5204BS
120128 ,KY ,581 ,BS ,0349 ,Community Health ,  ,  ,107,45,62,0,55,10,22,13,0,0,3,3,1,24,0,94,13,10KY0349BS
120128 ,KY ,581 ,BS ,0349 ,Community Health ,0473 ,Health Education ,170,28,142,0,78,34,34,20,0,0,4,0,0,37,1,161,9,10KY0473BS
120128 ,KY ,581 ,BS ,0349 ,Community Health ,0474 ,Health Planning & Admin ,263,74,189,0,114,54,44,40,1,0,8,2,0,49,3,256,7,10KY0474BS
120128 ,KY ,581 ,BS ,0349 ,Community Health ,0495 ,Rehab & Disability Studies ,97,29,68,0,59,8,9,16,0,0,3,0,2,10,1,93,4,10KY0495BS
120128 ,KY ,581 ,BS ,0351 ,Kinesiology ,  ,  ,546,221,325,0,398,51,26,48,1,2,10,9,1,27,2,510,36,10KY0351BS
120128 ,KY ,581 ,BS ,0351 ,Kinesiology ,4049 ,Teacher Education K-12 ,22,14,8,0,18,0,0,3,0,0,0,0,1,0,0,22,0,10KY4049BS
120128 ,KY ,581 ,BS ,5185 ,Athletic Training ,  ,  ,1,0,1,0,0,0,0,1,0,0,0,0,0,0,0,1,0,10KY5185BS
120128 ,KY ,581 ,MPH ,1630 ,Public Health ,  ,  ,32,8,24,0,15,7,4,4,0,0,0,2,0,5,0,24,8,10KS1630MPH
120128 ,KY ,581 ,MS ,0349 ,Community Health ,  ,  ,7,1,6,0,3,0,2,1,0,0,0,1,0,2,0,6,1,10KS0349MS
120128 ,KY ,581 ,MS ,0350 ,Rehabilitation ,  ,  ,5,1,4,0,4,0,1,0,0,0,0,0,0,1,0,4,1,10KS0350MS
120128 ,KY ,581 ,MS ,0351 ,Kinesiology ,  ,  ,20,10,10,0,14,0,0,0,0,0,0,6,0,0,0,7,13,10KS0351MS
120128 ,KY ,581 ,MSPH ,0349 ,Community Health ,  ,  ,1,1,0,0,0,0,1,0,0,0,0,0,0,1,0,1,0,10KS0349MSPH
120128 ,KY ,581 ,PHD ,0349 ,Community Health ,  ,  ,29,9,20,0,6,3,9,3,0,0,1,6,1,12,1,18,11,10KS0349PHD
120128 ,KY ,581 ,PHD ,0351 ,Kinesiology ,  ,  ,45,27,18,0,22,3,3,0,0,0,0,16,1,3,0,13,32,10KS0351PHD
120128 ,KY ,679 ,AUD ,1053 ,Audiology ,  ,  ,16,3,13,0,14,0,1,0,0,0,1,0,0,2,0,14,2,10KS1053AUD
120128 ,KY ,679 ,BS ,0354 ,Speech & Hearing Science ,  ,  ,1,0,1,0,0,0,0,0,0,0,0,1,0,0,0,0,1,10KV0354BS
120128 ,KY ,679 ,BS ,0354 ,Speech & Hearing Science ,  ,  ,46,1,45,0,41,2,0,2,0,0,1,0,0,0,0,45,1,10KY0354BS
120128 ,KY ,679 ,BS ,0354 ,Speech & Hearing Science ,4066 ,Human Communication Science ,7,0,7,0,6,0,0,1,0,0,0,0,0,0,0,6,1,10KY4066BS
120128 ,KY ,679 ,BS ,0354 ,Speech & Hearing Science ,4067 ,Audiology ,17,1,16,0,15,1,0,1,0,0,0,0,0,0,0,17,0,10KY4067BS
120128 ,KY ,679 ,BS ,0354 ,Speech & Hearing Science ,4068 ,Speech-Language Pathology ,257,6,251,0,222,12,2,14,0,0,2,4,1,3,0,251,6,10KY4068BS
120128 ,KY ,679 ,MA ,0354 ,Speech & Hearing Science ,  ,  ,43,3,40,0,40,1,0,1,0,0,0,0,1,0,0,37,6,10KS0354MA
120128 ,KY ,679 ,NDEG ,0354 ,Speech & Hearing Science ,  ,  ,1,0,1,0,1,0,0,0,0,0,0,0,0,0,0,1,0,10KS0354NDEG
120128 ,KY ,679 ,PHD ,0354 ,Speech & Hearing Science ,  ,  ,9,1,8,0,6,0,1,0,0,0,0,2,0,1,0,3,6,10KS0354PHD
120128 ,KY ,682 ,NDEG ,0067 ,Nondegree ,  ,  ,7,2,5,0,5,0,0,0,0,0,0,2,0,0,0,5,2,10KY0067NDEG
120128 ,KY ,714 ,BS ,4043 ,"Recreation, Sport, and Tourism ",  ,  ,74,42,32,0,48,3,9,6,0,1,0,7,0,9,0,62,12,10KY4043BS
120128 ,KY ,714 ,BS ,4043 ,"Recreation, Sport, and Tourism ",4044 ,Recreation Management ,34,10,24,0,30,0,2,1,0,0,1,0,0,3,0,32,2,10KY4044BS
120128 ,KY ,714 ,BS ,4043 ,"Recreation, Sport, and Tourism ",4045 ,Tourism Management ,30,9,21,0,22,1,3,2,0,0,1,1,0,3,0,27,3,10KY4045BS
120128 ,KY ,714 ,BS ,4043 ,"Recreation, Sport, and Tourism ",4046 ,Sports Management ,34,23,11,0,26,1,4,2,0,0,0,1,0,4,0,27,7,10KY4046BS
120128 ,KY ,714 ,BS ,4043 ,"Recreation, Sport, and Tourism ",5266 ,Sport Management ,144,114,30,0,99,4,16,12,1,0,2,9,1,18,1,127,17,10KY5266BS
120128 ,KY ,714 ,MS ,4043 ,"Recreation, Sport, and Tourism ",  ,  ,26,14,12,0,19,0,0,0,0,0,2,5,0,0,0,16,10,10KS4043MS
120128 ,KY ,714 ,PHD ,4043 ,"Recreation, Sport, and Tourism ",  ,  ,27,13,14,0,11,0,2,3,0,0,0,10,1,2,0,12,15,10KS4043PHD
120128 ,KY ,754 ,BS ,5204 ,Health ,  ,  ,1,0,1,0,0,1,0,0,0,0,0,0,0,0,0,1,0,10KY5204BS
120128 ,KY ,  ,  ,  ,Applied Health Sci ,  ,***College total*** ,2271,751,1520,0,1478,217,212,211,3,3,46,87,14,237,12,2041,230, 
 ,,,,,,,,,,,,,,,,,,,,,,,,,
 ,,,,,,,,,,,,,,,,,,,,,,,,,
120128 ,LC ,  ,  ,  ,Veterinary Medicine ,  ,  ,  ,  ,  ,  ,  ,  ,  ,  ,  ,  ,  ,  ,  ,  ,  ,  ,  , 
120128 ,LC ,282 ,MS ,5216 ,VMS - Pathobiology ,  ,  ,7,3,4,0,7,0,0,0,0,0,0,0,0,0,0,1,6,10KS5216MS
120128 ,LC ,282 ,PHD ,0361 ,VMS - Veterinary Pathobiology ,  ,  ,5,5,0,0,2,1,0,0,0,0,0,2,0,0,0,1,4,10KS0361PHD
120128 ,LC ,282 ,PHD ,0361 ,VMS - Veterinary Pathobiology ,5222 ,Pathobiology Research Scholars ,1,0,1,0,1,0,0,0,0,0,0,0,0,0,0,1,0,10KS0361PHD
120128 ,LC ,282 ,PHD ,5216 ,VMS - Pathobiology ,  ,  ,4,2,2,0,2,0,0,0,0,0,0,2,0,0,0,1,3,10KS5216PHD
120128 ,LC ,282 ,PHD ,5216 ,VMS - Pathobiology ,5222 ,Pathobiology Research Scholars ,1,0,1,0,1,0,0,0,0,0,0,0,0,0,0,1,0,10KS5216PHD
120128 ,LC ,444 ,DVM ,0480 ,Veterinary Medicine ,  ,  ,484,96,386,2,367,13,5,19,1,0,5,0,74,6,2,391,93,10LC0480DVM
120128 ,LC ,444 ,DVM ,0480 ,Veterinary Medicine ,5222 ,Pathobiology Research Scholars ,1,1,0,0,1,0,0,0,0,0,0,0,0,0,0,1,0,10LC5222DVM
120128 ,LC ,598 ,MS ,0359 ,VMS-Veterinary Clinical Medcne ,  ,  ,23,8,15,0,20,0,1,2,0,0,0,0,0,1,0,9,14,10KS0359MS
120128 ,LC ,598 ,MS ,0359 ,VMS-Veterinary Clinical Medcne ,  ,  ,1,0,1,0,1,0,0,0,0,0,0,0,0,0,0,0,1,10KS0360MS
120128 ,LC ,598 ,PHD ,0359 ,VMS-Veterinary Clinical Medcne ,  ,  ,2,0,2,0,1,1,0,0,0,0,0,0,0,0,0,0,2,10KS0359PHD
120128 ,LC ,873 ,MS ,5274 ,VMS - Comparative Biosciences ,  ,  ,3,0,3,0,1,1,0,0,0,0,0,1,0,0,0,2,1,10KS5274MS
120128 ,LC ,873 ,PHD ,5274 ,VMS - Comparative Biosciences ,  ,  ,9,4,5,0,5,0,0,1,0,0,0,2,1,0,0,4,5,10KS5274PHD
120128 ,LC ,873 ,PHD ,5274 ,VMS - Comparative Biosciences ,5272 ,Comp Biosci Research Scholars ,1,1,0,0,1,0,0,0,0,0,0,0,0,0,0,1,0,10KS5274PHD
120128 ,LC ,  ,  ,  ,Veterinary Medicine ,  ,***College total*** ,542,120,420,2,410,16,6,22,1,0,5,7,75,7,2,413,129, 
 ,,,,,,,,,,,,,,,,,,,,,,,,,
 ,,,,,,,,,,,,,,,,,,,,,,,,,
120128 ,LE ,  ,  ,  ,Institute of Aviation ,  ,  ,  ,  ,  ,  ,  ,  ,  ,  ,  ,  ,  ,  ,  ,  ,  ,  ,  , 
120128 ,LE ,707 ,AVIPC ,0487 ,Professional Pilot ,  ,  ,9,8,1,0,8,0,0,1,0,0,0,0,0,0,0,8,1,10LE0487AVIP
120128 ,LE ,707 ,BS ,0489 ,Aviation Human Factors ,  ,  ,39,36,3,0,30,6,2,1,0,0,0,0,0,2,0,36,3,10LE0489BS
120128 ,LE ,  ,  ,  ,Institute of Aviation ,  ,***College total*** ,48,44,4,0,38,6,2,2,0,0,0,0,0,2,0,44,4, 
 ,,,,,,,,,,,,,,,,,,,,,,,,,
 ,,,,,,,,,,,,,,,,,,,,,,,,,
120128 ,LG ,  ,  ,  ,Labor & Empl. Rel. ,  ,  ,  ,  ,  ,  ,  ,  ,  ,  ,  ,  ,  ,  ,  ,  ,  ,  ,  , 
120128 ,LG ,568 ,MHRIR ,0364 ,Human Res & Industrial Rels ,  ,  ,182,60,122,0,88,19,12,8,0,0,1,51,3,12,1,112,70,10KS0364MHRI
120128 ,LG ,568 ,PHD ,0364 ,Human Res & Industrial Rels ,  ,  ,13,5,8,0,4,0,0,0,0,0,1,8,0,0,1,4,9,10KS0364PHD
120128 ,LG ,  ,  ,  ,Labor & Empl. Rel. ,  ,***College total*** ,195,65,130,0,92,19,12,8,0,0,2,59,3,12,2,116,79, 
 ,,,,,,,,,,,,,,,,,,,,,,,,,
 ,,,,,,,,,,,,,,,,,,,,,,,,,
120128 ,LL ,  ,  ,  ,School of Social Work ,  ,  ,  ,  ,  ,  ,  ,  ,  ,  ,  ,  ,  ,  ,  ,  ,  ,  ,  , 
120128 ,LL ,783 ,BSW ,0365 ,Social Work ,  ,  ,113,10,103,0,68,8,19,10,0,0,4,1,3,19,2,108,5,10LL0365BSW
120128 ,LL ,783 ,MSW ,0365 ,Social Work ,  ,  ,19,4,15,0,12,1,2,1,0,0,0,3,0,2,0,14,5,10KS0365MSW
120128 ,LL ,783 ,MSW ,0365 ,Social Work ,5077 ,Health Care ,24,1,23,0,17,0,5,2,0,0,0,0,0,6,1,22,2,10KS0365MSW
120128 ,LL ,783 ,MSW ,0365 ,Social Work ,5078 ,Mental Health ,67,11,56,0,50,1,8,6,0,0,2,0,0,10,0,62,5,10KS0365MSW
120128 ,LL ,783 ,MSW ,0365 ,Social Work ,5079 ,School Social Work ,45,5,40,0,35,5,2,2,0,0,1,0,0,2,0,43,2,10KS0365MSW
120128 ,LL ,783 ,MSW ,0365 ,Social Work ,5217 ,"Advocacy, Ldrshp, Socl Change ",23,4,19,0,12,1,5,3,0,0,2,0,0,5,1,19,4,10KS0365MSW
120128 ,LL ,783 ,MSW ,0365 ,Social Work ,5218 ,"Children, Youth, Family Svcs ",40,8,32,0,31,1,6,1,0,0,1,0,0,6,0,36,4,10KS0365MSW
120128 ,LL ,783 ,PHD ,0365 ,Social Work ,  ,  ,24,5,19,0,10,1,0,0,0,0,1,12,0,0,0,8,16,10KS0365PHD
120128 ,LL ,  ,  ,  ,School of Social Work ,  ,***College total*** ,355,48,307,0,235,18,47,25,0,0,11,16,3,50,4,312,43, 
 ,,,,,,,,,,,,,,,,,,,,,,,,,
 ,,,,,,,,,,,,,,,,,,,,,,,,,
120128 ,LM ,  ,  ,  ,Provost Academic Programs ,  ,  ,  ,  ,  ,  ,  ,  ,  ,  ,  ,  ,  ,  ,  ,  ,  ,  ,  , 
120128 ,LM ,468 ,PHD ,5094 ,Informatics ,  ,  ,14,14,0,0,6,0,0,0,0,0,1,7,0,0,0,5,9,10KS5094PHD
120128 ,LM ,  ,  ,  ,Provost Academic Programs ,  ,***College total*** ,14,14,0,0,6,0,0,0,0,0,1,7,0,0,0,5,9, 
 ,,,,,,,,,,,,,,,,,,,,,,,,,
 ,,,,,,,,,,,,,,,,,,,,,,,,,
120128 ,LN ,  ,  ,  ,Online & Continuing Education ,  ,  ,  ,  ,  ,  ,  ,  ,  ,  ,  ,  ,  ,  ,  ,  ,  ,  ,  , 
120128 ,LN ,641 ,NDEG ,1249 ,Nondegree-CE ,  ,  ,57,16,41,0,40,2,8,4,0,0,1,0,2,11,0,0,57,10LN1249NDEJ
120128 ,LN ,  ,  ,  ,Online & Continuing Education ,  ,***College total*** ,57,16,41,0,40,2,8,4,0,0,1,0,2,11,0,0,57, 
 ,,,,,,,,,,,,,,,,,,,,,,,,,
 ,,,,,,,,,,,,,,,,,,,,,,,,,
120128 ,LP ,  ,  ,  ,Library & Info Sci ,  ,  ,  ,  ,  ,  ,  ,  ,  ,  ,  ,  ,  ,  ,  ,  ,  ,  ,  , 
120128 ,LP ,992 ,CAS ,0370 ,Library & Information Science ,  ,  ,8,1,7,0,5,0,1,0,0,0,1,1,0,2,0,5,3,10KS0370CAS
120128 ,LP ,992 ,CAS ,0370 ,Library & Information Science ,  ,  ,1,0,1,0,1,0,0,0,0,0,0,0,0,0,0,1,0,10KS0370CASU
120128 ,LP ,992 ,MS ,0370 ,Library & Information Science ,  ,  ,244,64,180,0,197,9,9,8,1,0,5,14,1,9,4,138,106,10KS0370MS
120128 ,LP ,992 ,MS ,0370 ,Library & Information Science ,  ,  ,11,1,10,0,10,0,0,1,0,0,0,0,0,0,1,10,1,10KS0370MSU
120128 ,LP ,992 ,MS ,4026 ,Bioinformatics ,5098 ,Library & Information Science ,2,2,0,0,2,0,0,0,0,0,0,0,0,0,0,2,0,10KS5098MS
120128 ,LP ,992 ,PHD ,0370 ,Library & Information Science ,  ,  ,49,22,27,0,28,4,2,4,0,0,0,11,0,3,1,19,30,10KS0370PHD
120128 ,LP ,  ,  ,  ,Library & Info Sci ,  ,***College total*** ,315,90,225,0,243,13,12,13,1,0,6,26,1,14,6,175,140, 
 ,,,,,,,,,,,,,,,,,,,,,,,,,
 ,,,,,,,,,,,,,,,,,,,,,,,,,